[2026-02-09 10:21:46] Início da atualização Tesouro Direto
[2026-02-09 10:21:46] Arquivo copiado com sucesso
[master e2038c0] Atualização Tesouro Direto (resgate) - 2026-02-09 10:21:46
 2 files changed, 64 insertions(+), 62 deletions(-)
 create mode 100644 log/atualizar_td.log
 rewrite precos/rendimento-resgatar.csv (88%)
To https://github.com/tmcnet/tesouro-direto-dados.git
 ! [rejected]        master -> master (fetch first)
error: failed to push some refs to 'https://github.com/tmcnet/tesouro-direto-dados.git'
hint: Updates were rejected because the remote contains work that you do
hint: not have locally. This is usually caused by another repository pushing
hint: to the same ref. You may want to first integrate the remote changes
hint: (e.g., 'git pull ...') before pushing again.
hint: See the 'Note about fast-forwards' in 'git push --help' for details.
[2026-02-09 10:21:46] ERRO: Falha no git push
[2026-02-09 10:39:00] Início da atualização Tesouro Direto
[2026-02-09 10:39:00] Arquivo copiado com sucesso
[master e565030] Atualização Tesouro Direto (resgate) - 2026-02-09 10:39:00
 1 file changed, 2 insertions(+)
To https://github.com/tmcnet/tesouro-direto-dados.git
   fb89fea..e565030  master -> master
[2026-02-09 10:39:00] Git push executado com sucesso
[2026-02-09 10:39:00] Fim da execução
----------------------------------------
[2026-02-09 11:31:22] Início da atualização Tesouro Direto
[2026-02-09 11:31:22] Arquivo copiado com sucesso para o repositório
[2026-02-09 11:31:22] Arquivo removido do Downloads com sucesso
[master f7818a7] Atualização Tesouro Direto (resgate) - 2026-02-09 11:31:22
 1 file changed, 3 insertions(+)
To https://github.com/tmcnet/tesouro-direto-dados.git
   9a8f451..f7818a7  master -> master
[2026-02-09 11:31:22] Git push executado com sucesso
[2026-02-09 11:31:22] Fim da execução
----------------------------------------
[2026-02-09 12:42:23] Início da atualização Tesouro Direto
[2026-02-09 12:42:23] ERRO: Arquivo rendimento-resgatar.csv não encontrado em Downloads
[2026-02-09 12:43:40] Início da atualização Tesouro Direto
[2026-02-09 12:43:40] ERRO: Arquivo rendimento-resgatar.csv não encontrado em Downloads
[2026-02-09 12:45:38] Início da atualização Tesouro Direto
[2026-02-09 12:45:38] ERRO: Arquivo rendimento-resgatar.csv não encontrado em Downloads
[2026-02-09 12:47:15] Início da atualização Tesouro Direto
[2026-02-09 12:47:15] ERRO: Arquivo rendimento-resgatar.csv não encontrado em Downloads
[2026-02-10 12:01:44] Início da atualização Tesouro Direto
[2026-02-10 12:01:44] Arquivo copiado com sucesso para o repositório
[2026-02-10 12:01:44] Arquivo removido do Downloads com sucesso
[master 1eb1350] Atualização Tesouro Direto (resgate) - 2026-02-10 12:01:44
 2 files changed, 65 insertions(+), 62 deletions(-)
 rewrite precos/rendimento-resgatar.csv (91%)
To https://github.com/tmcnet/tesouro-direto-dados.git
   3775699..1eb1350  master -> master
[2026-02-10 12:01:44] Git push executado com sucesso
[2026-02-10 12:01:44] Fim da execução
----------------------------------------
[2026-02-10 17:37:56] Início da atualização Tesouro Direto
[2026-02-10 17:37:56] ERRO: Arquivo rendimento-resgatar.csv não encontrado em Downloads
[2026-02-10 21:05:18] Início da atualização Tesouro Direto
[2026-02-10 21:05:18] ERRO: Arquivo rendimento-resgatar.csv não encontrado em Downloads
[2026-02-10 21:05:36] Início da atualização Tesouro Direto
[2026-02-10 21:05:36] ERRO: Arquivo rendimento-resgatar.csv não encontrado em Downloads
[2026-02-10 21:20:56] Início da atualização Tesouro Direto
[2026-02-10 21:20:56] ERRO: Arquivo rendimento-resgatar.csv não encontrado em Downloads
[2026-02-10 21:36:47] Início da atualização Tesouro Direto
[2026-02-10 21:36:47] ERRO: Arquivo rendimento-resgatar.csv não encontrado em Downloads
[2026-02-11 09:26:09] Início da atualização Tesouro Direto
[2026-02-11 09:26:09] ERRO: Arquivo rendimento-resgatar.csv não encontrado em Downloads
[2026-02-11 09:26:41] Início da atualização Tesouro Direto
[2026-02-11 09:26:41] ERRO: Arquivo rendimento-resgatar.csv não encontrado em Downloads
[2026-02-11 09:34:08] Início da atualização Tesouro Direto
[2026-02-11 09:34:08] ERRO: Arquivo rendimento-resgatar.csv não encontrado em Downloads
[2026-02-11 09:47:23] Início da atualização Tesouro Direto
[2026-02-11 09:47:23] ERRO: Arquivo rendimento-resgatar.csv não encontrado em Downloads
[2026-02-11 09:48:04] Início da atualização Tesouro Direto
[2026-02-11 09:48:04] ERRO: Arquivo rendimento-resgatar.csv não encontrado em Downloads
[2026-02-11 11:14:11] Início da atualização Tesouro Direto
[2026-02-11 11:14:11] ERRO: Arquivo rendimento-resgatar.csv não encontrado em Downloads
[2026-02-11 11:24:25] Início da atualização Tesouro Direto
[2026-02-11 11:24:25] ERRO: Arquivo rendimento-resgatar.csv não encontrado em Downloads
[2026-02-11 11:24:37] Início da atualização Tesouro Direto
[2026-02-11 11:24:37] ERRO: Arquivo rendimento-resgatar.csv não encontrado em Downloads
[2026-02-12 07:42:21] Início da atualização Tesouro Direto
[2026-02-12 07:42:21] ERRO: Arquivo rendimento-resgatar.csv não encontrado em Downloads
[2026-02-12 17:01:57] Início da atualização Tesouro Direto
[2026-02-12 17:01:57] ERRO: Arquivo rendimento-resgatar.csv não encontrado em Downloads
[2026-02-12 17:16:06] Início da atualização Tesouro Direto
[2026-02-12 17:16:06] ERRO: Arquivo rendimento-resgatar.csv não encontrado em Downloads
[2026-02-12 17:16:49] Início da atualização Tesouro Direto
[2026-02-12 17:16:49] ERRO: Arquivo rendimento-resgatar.csv não encontrado em Downloads
[2026-02-12 17:17:13] Início da atualização Tesouro Direto
[2026-02-12 17:17:13] ERRO: Arquivo rendimento-resgatar.csv não encontrado em Downloads
[2026-02-12 17:18:50] Início da atualização Tesouro Direto
[2026-02-12 17:18:50] ERRO: Arquivo rendimento-resgatar.csv não encontrado em Downloads
[2026-02-12 17:19:02] Início da atualização Tesouro Direto
[2026-02-12 17:19:02] ERRO: Arquivo rendimento-resgatar.csv não encontrado em Downloads
[2026-02-12 17:22:09] Início da atualização Tesouro Direto
[2026-02-12 17:22:09] ERRO: Arquivo rendimento-resgatar.csv não encontrado em Downloads
[2026-02-12 17:40:20] Início da atualização Tesouro Direto
[2026-02-12 17:40:20] ERRO: Arquivo rendimento-resgatar.csv não encontrado em Downloads
[2026-02-13 10:07:57] Início da atualização Tesouro Direto
[2026-02-13 10:07:57] ERRO: Arquivo rendimento-resgatar.csv não encontrado em Downloads
[2026-02-13 10:07:58] Início da atualização Tesouro Direto
[2026-02-13 10:07:58] ERRO: Arquivo rendimento-resgatar.csv não encontrado em Downloads
[2026-02-13 10:07:58] Início da atualização Tesouro Direto
[2026-02-13 10:07:58] ERRO: Arquivo rendimento-resgatar.csv não encontrado em Downloads
[2026-02-13 10:07:59] Início da atualização Tesouro Direto
[2026-02-13 10:07:59] ERRO: Arquivo rendimento-resgatar.csv não encontrado em Downloads
[2026-02-13 10:08:17] Início da atualização Tesouro Direto
[2026-02-13 10:08:17] ERRO: Arquivo rendimento-resgatar.csv não encontrado em Downloads
[2026-02-13 11:52:14] Início da atualização Tesouro Direto
[2026-02-13 11:52:14] Arquivo copiado com sucesso para o repositório
[2026-02-13 11:52:14] Arquivo removido do Downloads com sucesso
[master 591ebb1] Atualização Tesouro Direto (resgate) - 2026-02-13 11:52:14
 2 files changed, 120 insertions(+), 62 deletions(-)
 rewrite precos/rendimento-resgatar.csv (93%)
To https://github.com/tmcnet/tesouro-direto-dados.git
   1eb1350..591ebb1  master -> master
[2026-02-13 11:52:14] Git push executado com sucesso
[2026-02-13 11:52:14] Fim da execução
----------------------------------------
[2026-02-14 11:18:19] Início da atualização Tesouro Direto
[2026-02-14 11:18:19] ERRO: Arquivo rendimento-resgatar.csv não encontrado em Downloads
[2026-02-14 11:18:56] Início da atualização Tesouro Direto
[2026-02-14 11:18:56] ERRO: Arquivo rendimento-resgatar.csv não encontrado em Downloads
[2026-02-14 11:20:56] Início da atualização Tesouro Direto
[2026-02-14 11:20:56] ERRO: Arquivo rendimento-resgatar.csv não encontrado em Downloads
[2026-02-15 08:02:21] Início da atualização Tesouro Direto
[2026-02-15 08:02:21] ERRO: Arquivo rendimento-resgatar.csv não encontrado em Downloads
[2026-02-15 08:03:45] Início da atualização Tesouro Direto
[2026-02-15 08:03:45] ERRO: Arquivo rendimento-resgatar.csv não encontrado em Downloads
[2026-02-15 08:09:27] Início da atualização Tesouro Direto
[2026-02-15 08:09:27] ERRO: Arquivo rendimento-resgatar.csv não encontrado em Downloads
[2026-02-17 11:34:34] Início da atualização Tesouro Direto
[2026-02-17 11:34:34] ERRO: Arquivo rendimento-resgatar.csv não encontrado em Downloads
[2026-02-17 11:34:34] Início da atualização Tesouro Direto
[2026-02-17 11:34:34] ERRO: Arquivo rendimento-resgatar.csv não encontrado em Downloads
[2026-02-17 11:34:35] Início da atualização Tesouro Direto
[2026-02-17 11:34:35] ERRO: Arquivo rendimento-resgatar.csv não encontrado em Downloads
[2026-02-17 11:34:36] Início da atualização Tesouro Direto
[2026-02-17 11:34:36] ERRO: Arquivo rendimento-resgatar.csv não encontrado em Downloads
[2026-02-18 09:09:24] Início da atualização Tesouro Direto
[2026-02-18 09:09:24] ERRO: Arquivo rendimento-resgatar.csv não encontrado em Downloads
[2026-02-18 09:11:52] Início da atualização Tesouro Direto
[2026-02-18 09:11:52] ERRO: Arquivo rendimento-resgatar.csv não encontrado em Downloads
[2026-02-18 09:16:15] Início da atualização Tesouro Direto
[2026-02-18 09:16:15] ERRO: Arquivo rendimento-resgatar.csv não encontrado em Downloads
[2026-02-18 09:21:22] Início da atualização Tesouro Direto
[2026-02-18 09:21:22] ERRO: Arquivo rendimento-resgatar.csv não encontrado em Downloads
[2026-02-18 14:38:55] Início da atualização Tesouro Direto
[2026-02-18 14:38:55] ERRO: Arquivo rendimento-resgatar.csv não encontrado em Downloads
[2026-02-18 14:39:39] Início da atualização Tesouro Direto
[2026-02-18 14:39:39] ERRO: Arquivo rendimento-resgatar.csv não encontrado em Downloads
[2026-02-18 21:22:25] Início da atualização Tesouro Direto
[2026-02-18 21:22:25] Arquivo copiado com sucesso para o repositório
[2026-02-18 21:22:25] Arquivo removido do Downloads com sucesso
[master 9480f6e] Atualização Tesouro Direto (resgate) - 2026-02-18 21:22:25
 2 files changed, 105 insertions(+), 55 deletions(-)
 rewrite precos/rendimento-resgatar.csv (90%)
To https://github.com/tmcnet/tesouro-direto-dados.git
   591ebb1..9480f6e  master -> master
[2026-02-18 21:22:25] Git push executado com sucesso
[2026-02-18 21:22:25] Fim da execução
----------------------------------------
[2026-02-18 21:26:38] Início da atualização Tesouro Direto
[2026-02-18 21:26:38] ERRO: Arquivo rendimento-resgatar.csv não encontrado em Downloads
[2026-02-18 21:26:41] Início da atualização Tesouro Direto
[2026-02-18 21:26:41] ERRO: Arquivo rendimento-resgatar.csv não encontrado em Downloads
[2026-02-18 21:26:41] Início da atualização Tesouro Direto
[2026-02-18 21:26:41] ERRO: Arquivo rendimento-resgatar.csv não encontrado em Downloads
[2026-02-19 08:09:24] Início da atualização Tesouro Direto
[2026-02-19 08:09:24] ERRO: Arquivo rendimento-resgatar.csv não encontrado em Downloads
[2026-02-19 08:14:00] Início da atualização Tesouro Direto
[2026-02-19 08:14:00] ERRO: Arquivo rendimento-resgatar.csv não encontrado em Downloads
[2026-02-19 08:17:39] Início da atualização Tesouro Direto
[2026-02-19 08:17:39] ERRO: Arquivo rendimento-resgatar.csv não encontrado em Downloads
[2026-02-19 08:33:18] Início da atualização Tesouro Direto
[2026-02-19 08:33:18] ERRO: Arquivo rendimento-resgatar.csv não encontrado em Downloads
[2026-02-19 08:39:01] Início da atualização Tesouro Direto
[2026-02-19 08:39:01] ERRO: Arquivo rendimento-resgatar.csv não encontrado em Downloads
[2026-02-19 09:33:59] Início da atualização Tesouro Direto
[2026-02-19 09:33:59] ERRO: Arquivo rendimento-resgatar.csv não encontrado em Downloads
[2026-02-19 09:35:22] Início da atualização Tesouro Direto
[2026-02-19 09:35:22] ERRO: Arquivo rendimento-resgatar.csv não encontrado em Downloads
[2026-02-19 09:36:03] Início da atualização Tesouro Direto
[2026-02-19 09:36:03] ERRO: Arquivo rendimento-resgatar.csv não encontrado em Downloads
[2026-02-19 09:36:43] Início da atualização Tesouro Direto
[2026-02-19 09:36:43] ERRO: Arquivo rendimento-resgatar.csv não encontrado em Downloads
[2026-02-19 11:11:42] Início da atualização Tesouro Direto
[2026-02-19 11:11:42] ERRO: Arquivo rendimento-resgatar.csv não encontrado em Downloads
[2026-02-20 10:10:20] Início da atualização Tesouro Direto
[2026-02-20 10:10:20] ERRO: Arquivo rendimento-resgatar.csv não encontrado em Downloads
[2026-02-20 10:12:02] Início da atualização Tesouro Direto
[2026-02-20 10:12:02] ERRO: Arquivo rendimento-resgatar.csv não encontrado em Downloads
[2026-02-20 10:12:10] Início da atualização Tesouro Direto
[2026-02-20 10:12:10] ERRO: Arquivo rendimento-resgatar.csv não encontrado em Downloads
[2026-02-20 11:28:31] Início da atualização Tesouro Direto
[2026-02-20 11:28:31] ERRO: Arquivo rendimento-resgatar.csv não encontrado em Downloads
[2026-02-20 11:42:04] Início da atualização Tesouro Direto
[2026-02-20 11:42:04] ERRO: Arquivo rendimento-resgatar.csv não encontrado em Downloads
[2026-02-20 11:43:41] Início da atualização Tesouro Direto
[2026-02-20 11:43:41] ERRO: Arquivo rendimento-resgatar.csv não encontrado em Downloads
[2026-02-20 12:51:49] Início da atualização Tesouro Direto
[2026-02-20 12:51:49] ERRO: Arquivo rendimento-resgatar.csv não encontrado em Downloads
[2026-02-20 12:52:22] Início da atualização Tesouro Direto
[2026-02-20 12:52:22] ERRO: Arquivo rendimento-resgatar.csv não encontrado em Downloads
[2026-02-20 12:52:33] Início da atualização Tesouro Direto
[2026-02-20 12:52:33] ERRO: Arquivo rendimento-resgatar.csv não encontrado em Downloads
[2026-02-20 12:52:45] Início da atualização Tesouro Direto
[2026-02-20 12:52:45] ERRO: Arquivo rendimento-resgatar.csv não encontrado em Downloads
[2026-02-20 12:54:17] Início da atualização Tesouro Direto
[2026-02-20 12:54:17] ERRO: Arquivo rendimento-resgatar.csv não encontrado em Downloads
[2026-02-20 16:18:23] Início da atualização Tesouro Direto
[2026-02-20 16:18:23] ERRO: Arquivo rendimento-resgatar.csv não encontrado em Downloads
[2026-02-20 17:43:07] Início da atualização Tesouro Direto
[2026-02-20 17:43:07] ERRO: Arquivo rendimento-resgatar.csv não encontrado em Downloads
[2026-02-20 17:44:50] Início da atualização Tesouro Direto
[2026-02-20 17:44:50] ERRO: Arquivo rendimento-resgatar.csv não encontrado em Downloads
[2026-02-20 18:16:47] Início da atualização Tesouro Direto
[2026-02-20 18:16:47] ERRO: Arquivo rendimento-resgatar.csv não encontrado em Downloads
[2026-02-20 21:15:28] Início da atualização Tesouro Direto
[2026-02-20 21:15:28] ERRO: Arquivo rendimento-resgatar.csv não encontrado em Downloads
[2026-02-21 12:15:11] Início da atualização Tesouro Direto
[2026-02-21 12:15:11] Arquivo copiado com sucesso para o repositório
[2026-02-21 12:15:11] Arquivo removido do Downloads com sucesso
[master 750360b] Atualização Tesouro Direto (resgate) - 2026-02-21 12:15:11
 2 files changed, 130 insertions(+), 61 deletions(-)
To https://github.com/tmcnet/tesouro-direto-dados.git
   9480f6e..750360b  master -> master
[2026-02-21 12:15:11] Git push executado com sucesso
[2026-02-21 12:15:11] Fim da execução
----------------------------------------
[2026-02-21 12:30:37] Início da atualização Tesouro Direto
[2026-02-21 12:30:37] ERRO: Arquivo rendimento-resgatar.csv não encontrado em Downloads
[2026-02-21 12:38:11] Início da atualização Tesouro Direto
[2026-02-21 12:38:11] ERRO: Arquivo rendimento-resgatar.csv não encontrado em Downloads
[2026-02-21 12:47:24] Início da atualização Tesouro Direto
[2026-02-21 12:47:24] ERRO: Arquivo rendimento-resgatar.csv não encontrado em Downloads
[2026-02-21 14:40:56] Início da atualização Tesouro Direto
[2026-02-21 14:40:56] ERRO: Arquivo rendimento-resgatar.csv não encontrado em Downloads
[2026-02-22 20:55:31] Início da atualização Tesouro Direto
[2026-02-22 20:55:31] ERRO: Arquivo rendimento-resgatar.csv não encontrado em Downloads
[2026-02-22 21:31:40] Início da atualização Tesouro Direto
[2026-02-22 21:31:40] ERRO: Arquivo rendimento-resgatar.csv não encontrado em Downloads
[2026-02-22 21:36:24] Início da atualização Tesouro Direto
[2026-02-22 21:36:24] ERRO: Arquivo rendimento-resgatar.csv não encontrado em Downloads
[2026-02-23 09:20:51] Início da atualização Tesouro Direto
[2026-02-23 09:20:51] ERRO: Arquivo rendimento-resgatar.csv não encontrado em Downloads
[2026-02-23 09:21:41] Início da atualização Tesouro Direto
[2026-02-23 09:21:41] ERRO: Arquivo rendimento-resgatar.csv não encontrado em Downloads
[2026-02-23 09:40:24] Início da atualização Tesouro Direto
[2026-02-23 09:40:24] ERRO: Arquivo rendimento-resgatar.csv não encontrado em Downloads
[2026-02-23 09:40:24] Início da atualização Tesouro Direto
[2026-02-23 09:40:24] ERRO: Arquivo rendimento-resgatar.csv não encontrado em Downloads
[2026-02-23 09:40:25] Início da atualização Tesouro Direto
[2026-02-23 09:40:25] ERRO: Arquivo rendimento-resgatar.csv não encontrado em Downloads
[2026-02-23 09:40:26] Início da atualização Tesouro Direto
[2026-02-23 09:40:26] ERRO: Arquivo rendimento-resgatar.csv não encontrado em Downloads
[2026-02-23 09:40:54] Início da atualização Tesouro Direto
[2026-02-23 09:40:54] ERRO: Arquivo rendimento-resgatar.csv não encontrado em Downloads
[2026-02-23 09:47:47] Início da atualização Tesouro Direto
[2026-02-23 09:47:47] ERRO: Arquivo rendimento-resgatar.csv não encontrado em Downloads
[2026-02-23 09:48:01] Início da atualização Tesouro Direto
[2026-02-23 09:48:01] ERRO: Arquivo rendimento-resgatar.csv não encontrado em Downloads
[2026-02-23 15:04:13] Início da atualização Tesouro Direto
[2026-02-23 15:04:13] ERRO: Arquivo rendimento-resgatar.csv não encontrado em Downloads
[2026-02-23 15:05:32] Início da atualização Tesouro Direto
[2026-02-23 15:05:32] ERRO: Arquivo rendimento-resgatar.csv não encontrado em Downloads
[2026-02-23 15:05:45] Início da atualização Tesouro Direto
[2026-02-23 15:05:45] ERRO: Arquivo rendimento-resgatar.csv não encontrado em Downloads
[2026-02-24 09:05:48] Início da atualização Tesouro Direto
[2026-02-24 09:05:48] ERRO: Arquivo rendimento-resgatar.csv não encontrado em Downloads
[2026-02-24 13:39:44] Início da atualização Tesouro Direto
[2026-02-24 13:39:44] ERRO: Arquivo rendimento-resgatar.csv não encontrado em Downloads
[2026-02-26 08:26:18] Início da atualização Tesouro Direto
[2026-02-26 08:26:18] ERRO: Arquivo rendimento-resgatar.csv não encontrado em Downloads
[2026-02-26 08:27:13] Início da atualização Tesouro Direto
[2026-02-26 08:27:13] ERRO: Arquivo rendimento-resgatar.csv não encontrado em Downloads
[2026-02-26 08:28:12] Início da atualização Tesouro Direto
[2026-02-26 08:28:12] ERRO: Arquivo rendimento-resgatar.csv não encontrado em Downloads
[2026-02-26 08:34:22] Início da atualização Tesouro Direto
[2026-02-26 08:34:22] ERRO: Arquivo rendimento-resgatar.csv não encontrado em Downloads
[2026-02-26 08:48:07] Início da atualização Tesouro Direto
[2026-02-26 08:48:07] ERRO: Arquivo rendimento-resgatar.csv não encontrado em Downloads
[2026-02-26 08:55:08] Início da atualização Tesouro Direto
[2026-02-26 08:55:08] ERRO: Arquivo rendimento-resgatar.csv não encontrado em Downloads
[2026-02-26 09:01:40] Início da atualização Tesouro Direto
[2026-02-26 09:01:40] ERRO: Arquivo rendimento-resgatar.csv não encontrado em Downloads
[2026-02-26 14:12:23] Início da atualização Tesouro Direto
[2026-02-26 14:12:23] ERRO: Arquivo rendimento-resgatar.csv não encontrado em Downloads
[2026-02-26 14:17:33] Início da atualização Tesouro Direto
[2026-02-26 14:17:33] ERRO: Arquivo rendimento-resgatar.csv não encontrado em Downloads
[2026-02-26 14:51:31] Início da atualização Tesouro Direto
[2026-02-26 14:51:31] ERRO: Arquivo rendimento-resgatar.csv não encontrado em Downloads
[2026-02-26 15:53:15] Início da atualização Tesouro Direto
[2026-02-26 15:53:15] ERRO: Arquivo rendimento-resgatar.csv não encontrado em Downloads
[2026-02-27 10:54:51] Início da atualização Tesouro Direto
[2026-02-27 10:54:51] ERRO: Arquivo rendimento-resgatar.csv não encontrado em Downloads
[2026-02-27 13:18:09] Início da atualização Tesouro Direto
[2026-02-27 13:18:09] ERRO: Arquivo rendimento-resgatar.csv não encontrado em Downloads
[2026-02-27 13:20:45] Início da atualização Tesouro Direto
[2026-02-27 13:20:45] ERRO: Arquivo rendimento-resgatar.csv não encontrado em Downloads
[2026-03-01 10:20:58] Início da atualização Tesouro Direto
[2026-03-01 10:20:58] ERRO: Arquivo rendimento-resgatar.csv não encontrado em Downloads
[2026-03-01 10:20:59] Início da atualização Tesouro Direto
[2026-03-01 10:20:59] ERRO: Arquivo rendimento-resgatar.csv não encontrado em Downloads
[2026-03-01 10:21:43] Início da atualização Tesouro Direto
[2026-03-01 10:21:43] ERRO: Arquivo rendimento-resgatar.csv não encontrado em Downloads
[2026-03-01 10:21:54] Início da atualização Tesouro Direto
[2026-03-01 10:21:54] ERRO: Arquivo rendimento-resgatar.csv não encontrado em Downloads
[2026-03-01 10:21:57] Início da atualização Tesouro Direto
[2026-03-01 10:21:57] ERRO: Arquivo rendimento-resgatar.csv não encontrado em Downloads
[2026-03-01 10:21:58] Início da atualização Tesouro Direto
[2026-03-01 10:21:58] ERRO: Arquivo rendimento-resgatar.csv não encontrado em Downloads
[2026-03-01 10:21:58] Início da atualização Tesouro Direto
[2026-03-01 10:21:58] ERRO: Arquivo rendimento-resgatar.csv não encontrado em Downloads
[2026-03-01 10:32:40] Início da atualização Tesouro Direto
[2026-03-01 10:32:40] Arquivo copiado com sucesso para o repositório
[2026-03-01 10:32:40] Arquivo removido do Downloads com sucesso
[master 58ba774] Atualização Tesouro Direto (resgate) - 2026-03-01 10:32:40
 2 files changed, 154 insertions(+), 61 deletions(-)
To https://github.com/tmcnet/tesouro-direto-dados.git
   750360b..58ba774  master -> master
[2026-03-01 10:32:40] Git push executado com sucesso
[2026-03-01 10:32:40] Fim da execução
----------------------------------------
[2026-03-02 09:57:28] Início da atualização Tesouro Direto
[2026-03-02 09:57:28] ERRO: Arquivo rendimento-resgatar.csv não encontrado em Downloads
[2026-03-02 09:57:57] Início da atualização Tesouro Direto
[2026-03-02 09:57:57] ERRO: Arquivo rendimento-resgatar.csv não encontrado em Downloads
[2026-03-02 09:58:19] Início da atualização Tesouro Direto
[2026-03-02 09:58:19] ERRO: Arquivo rendimento-resgatar.csv não encontrado em Downloads
[2026-03-02 14:14:48] Início da atualização Tesouro Direto
[2026-03-02 14:14:48] ERRO: Arquivo rendimento-resgatar.csv não encontrado em Downloads
[2026-03-02 14:15:03] Início da atualização Tesouro Direto
[2026-03-02 14:15:03] ERRO: Arquivo rendimento-resgatar.csv não encontrado em Downloads
[2026-03-02 14:15:52] Início da atualização Tesouro Direto
[2026-03-02 14:15:52] ERRO: Arquivo rendimento-resgatar.csv não encontrado em Downloads
[2026-03-02 14:15:55] Início da atualização Tesouro Direto
[2026-03-02 14:15:55] ERRO: Arquivo rendimento-resgatar.csv não encontrado em Downloads
[2026-03-02 14:15:57] Início da atualização Tesouro Direto
[2026-03-02 14:15:57] ERRO: Arquivo rendimento-resgatar.csv não encontrado em Downloads
[2026-03-02 14:16:00] Início da atualização Tesouro Direto
[2026-03-02 14:16:00] ERRO: Arquivo rendimento-resgatar.csv não encontrado em Downloads
[2026-03-02 14:16:01] Início da atualização Tesouro Direto
[2026-03-02 14:16:01] ERRO: Arquivo rendimento-resgatar.csv não encontrado em Downloads
[2026-03-02 14:16:03] Início da atualização Tesouro Direto
[2026-03-02 14:16:03] ERRO: Arquivo rendimento-resgatar.csv não encontrado em Downloads
[2026-03-02 14:16:04] Início da atualização Tesouro Direto
[2026-03-02 14:16:04] ERRO: Arquivo rendimento-resgatar.csv não encontrado em Downloads
[2026-03-02 14:16:06] Início da atualização Tesouro Direto
[2026-03-02 14:16:06] ERRO: Arquivo rendimento-resgatar.csv não encontrado em Downloads
[2026-03-02 14:16:09] Início da atualização Tesouro Direto
[2026-03-02 14:16:09] ERRO: Arquivo rendimento-resgatar.csv não encontrado em Downloads
[2026-03-02 14:16:11] Início da atualização Tesouro Direto
[2026-03-02 14:16:11] ERRO: Arquivo rendimento-resgatar.csv não encontrado em Downloads
[2026-03-02 14:16:12] Início da atualização Tesouro Direto
[2026-03-02 14:16:12] ERRO: Arquivo rendimento-resgatar.csv não encontrado em Downloads
[2026-03-02 14:16:14] Início da atualização Tesouro Direto
[2026-03-02 14:16:14] ERRO: Arquivo rendimento-resgatar.csv não encontrado em Downloads
[2026-03-02 14:16:15] Início da atualização Tesouro Direto
[2026-03-02 14:16:15] ERRO: Arquivo rendimento-resgatar.csv não encontrado em Downloads
[2026-03-02 14:16:16] Início da atualização Tesouro Direto
[2026-03-02 14:16:16] ERRO: Arquivo rendimento-resgatar.csv não encontrado em Downloads
[2026-03-02 14:16:18] Início da atualização Tesouro Direto
[2026-03-02 14:16:18] ERRO: Arquivo rendimento-resgatar.csv não encontrado em Downloads
[2026-03-02 14:16:19] Início da atualização Tesouro Direto
[2026-03-02 14:16:19] ERRO: Arquivo rendimento-resgatar.csv não encontrado em Downloads
[2026-03-02 14:16:21] Início da atualização Tesouro Direto
[2026-03-02 14:16:21] ERRO: Arquivo rendimento-resgatar.csv não encontrado em Downloads
[2026-03-02 14:16:23] Início da atualização Tesouro Direto
[2026-03-02 14:16:23] ERRO: Arquivo rendimento-resgatar.csv não encontrado em Downloads
[2026-03-02 14:16:26] Início da atualização Tesouro Direto
[2026-03-02 14:16:26] ERRO: Arquivo rendimento-resgatar.csv não encontrado em Downloads
[2026-03-02 14:16:27] Início da atualização Tesouro Direto
[2026-03-02 14:16:27] ERRO: Arquivo rendimento-resgatar.csv não encontrado em Downloads
[2026-03-02 14:17:20] Início da atualização Tesouro Direto
[2026-03-02 14:17:20] ERRO: Arquivo rendimento-resgatar.csv não encontrado em Downloads
[2026-03-02 14:17:28] Início da atualização Tesouro Direto
[2026-03-02 14:17:28] ERRO: Arquivo rendimento-resgatar.csv não encontrado em Downloads
[2026-03-02 14:17:48] Início da atualização Tesouro Direto
[2026-03-02 14:17:48] ERRO: Arquivo rendimento-resgatar.csv não encontrado em Downloads
[2026-03-02 14:17:52] Início da atualização Tesouro Direto
[2026-03-02 14:17:52] ERRO: Arquivo rendimento-resgatar.csv não encontrado em Downloads
[2026-03-02 14:17:56] Início da atualização Tesouro Direto
[2026-03-02 14:17:56] ERRO: Arquivo rendimento-resgatar.csv não encontrado em Downloads
[2026-03-02 14:17:58] Início da atualização Tesouro Direto
[2026-03-02 14:17:58] ERRO: Arquivo rendimento-resgatar.csv não encontrado em Downloads
[2026-03-02 14:17:59] Início da atualização Tesouro Direto
[2026-03-02 14:17:59] ERRO: Arquivo rendimento-resgatar.csv não encontrado em Downloads
[2026-03-02 14:18:02] Início da atualização Tesouro Direto
[2026-03-02 14:18:02] ERRO: Arquivo rendimento-resgatar.csv não encontrado em Downloads
[2026-03-02 14:18:03] Início da atualização Tesouro Direto
[2026-03-02 14:18:03] ERRO: Arquivo rendimento-resgatar.csv não encontrado em Downloads
[2026-03-02 14:18:04] Início da atualização Tesouro Direto
[2026-03-02 14:18:04] ERRO: Arquivo rendimento-resgatar.csv não encontrado em Downloads
[2026-03-02 14:18:05] Início da atualização Tesouro Direto
[2026-03-02 14:18:05] ERRO: Arquivo rendimento-resgatar.csv não encontrado em Downloads
[2026-03-02 14:18:06] Início da atualização Tesouro Direto
[2026-03-02 14:18:06] ERRO: Arquivo rendimento-resgatar.csv não encontrado em Downloads
[2026-03-04 09:56:55] Início da atualização Tesouro Direto
[2026-03-04 09:56:55] ERRO: Arquivo rendimento-resgatar.csv não encontrado em Downloads
[2026-03-04 18:13:30] Início da atualização Tesouro Direto
[2026-03-04 18:13:30] ERRO: Arquivo rendimento-resgatar.csv não encontrado em Downloads
[2026-03-04 18:17:08] Início da atualização Tesouro Direto
[2026-03-04 18:17:08] ERRO: Arquivo rendimento-resgatar.csv não encontrado em Downloads
[2026-03-05 11:48:30] Início da atualização Tesouro Direto
[2026-03-05 11:48:30] ERRO: Arquivo rendimento-resgatar.csv não encontrado em Downloads
[2026-03-05 14:19:10] Início da atualização Tesouro Direto
[2026-03-05 14:19:10] ERRO: Arquivo rendimento-resgatar.csv não encontrado em Downloads
[2026-03-06 09:55:14] Início da atualização Tesouro Direto
[2026-03-06 09:55:14] ERRO: Arquivo rendimento-resgatar.csv não encontrado em Downloads
[2026-03-06 14:50:55] Início da atualização Tesouro Direto
[2026-03-06 14:50:55] Arquivo copiado com sucesso para o repositório
[2026-03-06 14:50:55] Arquivo removido do Downloads com sucesso
[master bf8b09e] Atualização Tesouro Direto (resgate) - 2026-03-06 14:50:55
 2 files changed, 156 insertions(+), 60 deletions(-)
To https://github.com/tmcnet/tesouro-direto-dados.git
   58ba774..bf8b09e  master -> master
[2026-03-06 14:50:55] Git push executado com sucesso
[2026-03-06 14:50:55] Fim da execução
----------------------------------------
[2026-03-06 15:03:51] Início da atualização Tesouro Direto
[2026-03-06 15:03:51] ERRO: Arquivo rendimento-resgatar.csv não encontrado em Downloads
[2026-03-06 15:04:30] Início da atualização Tesouro Direto
[2026-03-06 15:04:30] ERRO: Arquivo rendimento-resgatar.csv não encontrado em Downloads
[2026-03-06 15:11:17] Início da atualização Tesouro Direto
[2026-03-06 15:11:17] ERRO: Arquivo rendimento-resgatar.csv não encontrado em Downloads
[2026-03-08 14:06:09] Início da atualização Tesouro Direto
[2026-03-08 14:06:09] ERRO: Arquivo rendimento-resgatar.csv não encontrado em Downloads
[2026-03-08 14:09:58] Início da atualização Tesouro Direto
[2026-03-08 14:09:58] ERRO: Arquivo rendimento-resgatar.csv não encontrado em Downloads
[2026-03-08 14:11:35] Início da atualização Tesouro Direto
[2026-03-08 14:11:35] ERRO: Arquivo rendimento-resgatar.csv não encontrado em Downloads
[2026-03-08 14:12:50] Início da atualização Tesouro Direto
[2026-03-08 14:12:50] ERRO: Arquivo rendimento-resgatar.csv não encontrado em Downloads
[2026-03-08 14:18:02] Início da atualização Tesouro Direto
[2026-03-08 14:18:02] ERRO: Arquivo rendimento-resgatar.csv não encontrado em Downloads
[2026-03-08 14:28:02] Início da atualização Tesouro Direto
[2026-03-08 14:28:02] ERRO: Arquivo rendimento-resgatar.csv não encontrado em Downloads
[2026-03-08 14:28:27] Início da atualização Tesouro Direto
[2026-03-08 14:28:27] ERRO: Arquivo rendimento-resgatar.csv não encontrado em Downloads
[2026-03-10 09:12:41] Início da atualização Tesouro Direto
[2026-03-10 09:12:41] ERRO: Arquivo rendimento-resgatar.csv não encontrado em Downloads
[2026-03-10 09:14:21] Início da atualização Tesouro Direto
[2026-03-10 09:14:21] ERRO: Arquivo rendimento-resgatar.csv não encontrado em Downloads
[2026-03-10 09:16:58] Início da atualização Tesouro Direto
[2026-03-10 09:16:58] ERRO: Arquivo rendimento-resgatar.csv não encontrado em Downloads
[2026-03-10 09:17:41] Início da atualização Tesouro Direto
[2026-03-10 09:17:41] ERRO: Arquivo rendimento-resgatar.csv não encontrado em Downloads
[2026-03-10 09:18:14] Início da atualização Tesouro Direto
[2026-03-10 09:18:14] ERRO: Arquivo rendimento-resgatar.csv não encontrado em Downloads
[2026-03-10 09:20:05] Início da atualização Tesouro Direto
[2026-03-10 09:20:05] ERRO: Arquivo rendimento-resgatar.csv não encontrado em Downloads
[2026-03-10 09:20:46] Início da atualização Tesouro Direto
[2026-03-10 09:20:46] ERRO: Arquivo rendimento-resgatar.csv não encontrado em Downloads
[2026-03-10 09:21:16] Início da atualização Tesouro Direto
[2026-03-10 09:21:16] ERRO: Arquivo rendimento-resgatar.csv não encontrado em Downloads
[2026-03-10 09:21:21] Início da atualização Tesouro Direto
[2026-03-10 09:21:21] ERRO: Arquivo rendimento-resgatar.csv não encontrado em Downloads
[2026-03-10 11:51:28] Início da atualização Tesouro Direto
[2026-03-10 11:51:28] ERRO: Arquivo rendimento-resgatar.csv não encontrado em Downloads
[2026-03-10 12:02:32] Início da atualização Tesouro Direto
[2026-03-10 12:02:32] ERRO: Arquivo rendimento-resgatar.csv não encontrado em Downloads
[2026-03-10 12:09:06] Início da atualização Tesouro Direto
[2026-03-10 12:09:06] ERRO: Arquivo rendimento-resgatar.csv não encontrado em Downloads
[2026-03-11 17:41:47] Início da atualização Tesouro Direto
[2026-03-11 17:41:47] ERRO: Arquivo rendimento-resgatar.csv não encontrado em Downloads
[2026-03-11 17:42:26] Início da atualização Tesouro Direto
[2026-03-11 17:42:26] ERRO: Arquivo rendimento-resgatar.csv não encontrado em Downloads
[2026-03-11 17:43:16] Início da atualização Tesouro Direto
[2026-03-11 17:43:16] ERRO: Arquivo rendimento-resgatar.csv não encontrado em Downloads
[2026-03-11 17:43:16] Início da atualização Tesouro Direto
[2026-03-11 17:43:16] ERRO: Arquivo rendimento-resgatar.csv não encontrado em Downloads
[2026-03-11 17:44:36] Início da atualização Tesouro Direto
[2026-03-11 17:44:36] ERRO: Arquivo rendimento-resgatar.csv não encontrado em Downloads
[2026-03-13 15:05:44] Início da atualização Tesouro Direto
[2026-03-13 15:05:44] ERRO: Arquivo rendimento-resgatar.csv não encontrado em Downloads
[2026-03-13 15:18:39] Início da atualização Tesouro Direto
[2026-03-13 15:18:39] Arquivo copiado com sucesso para o repositório
[2026-03-13 15:18:39] Arquivo removido do Downloads com sucesso
[master 99bb94b] Atualização Tesouro Direto (resgate) - 2026-03-13 15:18:39
 2 files changed, 70 insertions(+), 60 deletions(-)
remote: Invalid username or token. Password authentication is not supported for Git operations.
fatal: Authentication failed for 'https://github.com/tmcnet/tesouro-direto-dados.git/'
[2026-03-13 15:18:39] ERRO: Falha no git push
[2026-03-13 15:28:29] Início da atualização Tesouro Direto
[2026-03-13 15:28:29] Arquivo copiado com sucesso para o repositório
[2026-03-13 15:28:29] Arquivo removido do Downloads com sucesso
[master ed75a35] Atualização Tesouro Direto (resgate) - 2026-03-13 15:28:29
 1 file changed, 8 insertions(+)
To https://github.com/tmcnet/tesouro-direto-dados.git
   99bb94b..ed75a35  master -> master
[2026-03-13 15:28:29] Git push executado com sucesso
[2026-03-13 15:28:29] Fim da execução
----------------------------------------
[2026-03-13 17:55:29] Início da atualização Tesouro Direto
[2026-03-13 17:55:29] Arquivo copiado com sucesso para o repositório
[2026-03-13 17:55:29] Arquivo removido do Downloads com sucesso
[master 70361dc] Atualização Tesouro Direto (resgate) - 2026-03-13 17:55:29
 2 files changed, 65 insertions(+)
To https://github.com/tmcnet/tesouro-direto-dados.git
   ed75a35..70361dc  master -> master
[2026-03-13 17:55:29] Git push executado com sucesso
[2026-03-13 17:55:29] Fim da execução
----------------------------------------
[2026-03-17 15:08:10] Início da atualização Tesouro Direto
[2026-03-17 15:08:10] ERRO: Arquivo rendimento-resgatar.csv não encontrado em Downloads
[2026-03-17 15:08:11] Início da atualização Tesouro Direto
[2026-03-17 15:08:11] ERRO: Arquivo rendimento-resgatar.csv não encontrado em Downloads
[2026-03-17 15:08:49] Início da atualização Tesouro Direto
[2026-03-17 15:08:49] ERRO: Arquivo rendimento-resgatar.csv não encontrado em Downloads
[2026-03-17 15:09:49] Início da atualização Tesouro Direto
[2026-03-17 15:09:49] ERRO: Arquivo rendimento-resgatar.csv não encontrado em Downloads
[2026-03-17 15:09:52] Início da atualização Tesouro Direto
[2026-03-17 15:09:52] ERRO: Arquivo rendimento-resgatar.csv não encontrado em Downloads
[2026-03-17 15:09:56] Início da atualização Tesouro Direto
[2026-03-17 15:09:56] ERRO: Arquivo rendimento-resgatar.csv não encontrado em Downloads
[2026-03-17 15:09:59] Início da atualização Tesouro Direto
[2026-03-17 15:09:59] ERRO: Arquivo rendimento-resgatar.csv não encontrado em Downloads
[2026-03-17 15:11:20] Início da atualização Tesouro Direto
[2026-03-17 15:11:20] ERRO: Arquivo rendimento-resgatar.csv não encontrado em Downloads
[2026-03-17 15:11:27] Início da atualização Tesouro Direto
[2026-03-17 15:11:27] ERRO: Arquivo rendimento-resgatar.csv não encontrado em Downloads
[2026-03-17 15:11:27] Início da atualização Tesouro Direto
[2026-03-17 15:11:27] ERRO: Arquivo rendimento-resgatar.csv não encontrado em Downloads
[2026-03-17 15:11:31] Início da atualização Tesouro Direto
[2026-03-17 15:11:31] ERRO: Arquivo rendimento-resgatar.csv não encontrado em Downloads
[2026-03-17 15:11:32] Início da atualização Tesouro Direto
[2026-03-17 15:11:32] ERRO: Arquivo rendimento-resgatar.csv não encontrado em Downloads
[2026-03-17 15:11:34] Início da atualização Tesouro Direto
[2026-03-17 15:11:34] ERRO: Arquivo rendimento-resgatar.csv não encontrado em Downloads
[2026-03-17 15:11:34] Início da atualização Tesouro Direto
[2026-03-17 15:11:34] ERRO: Arquivo rendimento-resgatar.csv não encontrado em Downloads
[2026-03-18 11:52:56] Início da atualização Tesouro Direto
[2026-03-18 11:52:56] ERRO: Arquivo rendimento-resgatar.csv não encontrado em Downloads
[2026-03-18 11:54:35] Início da atualização Tesouro Direto
[2026-03-18 11:54:35] ERRO: Arquivo rendimento-resgatar.csv não encontrado em Downloads
[2026-03-18 11:56:27] Início da atualização Tesouro Direto
[2026-03-18 11:56:27] ERRO: Arquivo rendimento-resgatar.csv não encontrado em Downloads
[2026-03-18 11:59:15] Início da atualização Tesouro Direto
[2026-03-18 11:59:15] ERRO: Arquivo rendimento-resgatar.csv não encontrado em Downloads
[2026-03-18 12:02:17] Início da atualização Tesouro Direto
[2026-03-18 12:02:17] ERRO: Arquivo rendimento-resgatar.csv não encontrado em Downloads
[2026-03-18 12:03:15] Início da atualização Tesouro Direto
[2026-03-18 12:03:15] ERRO: Arquivo rendimento-resgatar.csv não encontrado em Downloads
[2026-03-18 12:11:48] Início da atualização Tesouro Direto
[2026-03-18 12:11:48] ERRO: Arquivo rendimento-resgatar.csv não encontrado em Downloads
[2026-03-18 12:11:48] Início da atualização Tesouro Direto
[2026-03-18 12:11:48] ERRO: Arquivo rendimento-resgatar.csv não encontrado em Downloads
[2026-03-18 12:11:49] Início da atualização Tesouro Direto
[2026-03-18 12:11:49] ERRO: Arquivo rendimento-resgatar.csv não encontrado em Downloads
[2026-03-18 12:12:36] Início da atualização Tesouro Direto
[2026-03-18 12:12:36] ERRO: Arquivo rendimento-resgatar.csv não encontrado em Downloads
[2026-03-18 12:12:36] Início da atualização Tesouro Direto
[2026-03-18 12:12:36] ERRO: Arquivo rendimento-resgatar.csv não encontrado em Downloads
[2026-03-18 12:12:59] Início da atualização Tesouro Direto
[2026-03-18 12:12:59] ERRO: Arquivo rendimento-resgatar.csv não encontrado em Downloads
[2026-03-18 12:17:06] Início da atualização Tesouro Direto
[2026-03-18 12:17:06] ERRO: Arquivo rendimento-resgatar.csv não encontrado em Downloads
[2026-03-18 12:18:16] Início da atualização Tesouro Direto
[2026-03-18 12:18:16] ERRO: Arquivo rendimento-resgatar.csv não encontrado em Downloads
[2026-03-19 13:19:30] Início da atualização Tesouro Direto
[2026-03-19 13:19:30] ERRO: Arquivo rendimento-resgatar.csv não encontrado em Downloads
[2026-03-20 07:05:51] Início da atualização Tesouro Direto
[2026-03-20 07:05:51] ERRO: Arquivo rendimento-resgatar.csv não encontrado em Downloads
[2026-03-20 07:06:23] Início da atualização Tesouro Direto
[2026-03-20 07:06:23] ERRO: Arquivo rendimento-resgatar.csv não encontrado em Downloads
[2026-03-20 07:06:36] Início da atualização Tesouro Direto
[2026-03-20 07:06:36] ERRO: Arquivo rendimento-resgatar.csv não encontrado em Downloads
[2026-03-20 07:07:33] Início da atualização Tesouro Direto
[2026-03-20 07:07:33] ERRO: Arquivo rendimento-resgatar.csv não encontrado em Downloads
[2026-03-20 07:07:36] Início da atualização Tesouro Direto
[2026-03-20 07:07:36] ERRO: Arquivo rendimento-resgatar.csv não encontrado em Downloads
[2026-03-20 07:09:42] Início da atualização Tesouro Direto
[2026-03-20 07:09:42] ERRO: Arquivo rendimento-resgatar.csv não encontrado em Downloads
[2026-03-20 13:45:21] Início da atualização Tesouro Direto
[2026-03-20 13:45:21] ERRO: Arquivo rendimento-resgatar.csv não encontrado em Downloads
[2026-03-22 10:55:44] Início da atualização Tesouro Direto
[2026-03-22 10:55:44] ERRO: Arquivo rendimento-resgatar.csv não encontrado em Downloads
[2026-03-24 08:27:13] Início da atualização Tesouro Direto
[2026-03-24 08:27:13] ERRO: Arquivo rendimento-resgatar.csv não encontrado em Downloads
[2026-03-24 17:21:33] Início da atualização Tesouro Direto
[2026-03-24 17:21:33] ERRO: Arquivo rendimento-resgatar.csv não encontrado em Downloads
[2026-03-24 20:01:45] Início da atualização Tesouro Direto
[2026-03-24 20:01:45] Arquivo copiado com sucesso para o repositório
[2026-03-24 20:01:45] Arquivo removido do Downloads com sucesso
[master 3633c1c] Atualização Tesouro Direto (resgate) - 2026-03-24 20:01:45
 2 files changed, 148 insertions(+), 59 deletions(-)
To https://github.com/tmcnet/tesouro-direto-dados.git
   70361dc..3633c1c  master -> master
[2026-03-24 20:01:45] Git push executado com sucesso
[2026-03-24 20:01:45] Fim da execução
----------------------------------------
[2026-03-25 09:09:33] Início da atualização Tesouro Direto
[2026-03-25 09:09:33] ERRO: Arquivo rendimento-resgatar.csv não encontrado em Downloads
[2026-03-26 08:48:58] Início da atualização Tesouro Direto
[2026-03-26 08:48:58] ERRO: Arquivo rendimento-resgatar.csv não encontrado em Downloads
[2026-03-26 08:49:05] Início da atualização Tesouro Direto
[2026-03-26 08:49:05] ERRO: Arquivo rendimento-resgatar.csv não encontrado em Downloads
[2026-03-26 08:49:12] Início da atualização Tesouro Direto
[2026-03-26 08:49:12] ERRO: Arquivo rendimento-resgatar.csv não encontrado em Downloads
[2026-03-26 09:17:17] Início da atualização Tesouro Direto
[2026-03-26 09:17:17] ERRO: Arquivo rendimento-resgatar.csv não encontrado em Downloads
[2026-03-26 09:17:26] Início da atualização Tesouro Direto
[2026-03-26 09:17:26] ERRO: Arquivo rendimento-resgatar.csv não encontrado em Downloads
[2026-03-26 09:18:03] Início da atualização Tesouro Direto
[2026-03-26 09:18:03] ERRO: Arquivo rendimento-resgatar.csv não encontrado em Downloads
[2026-03-26 11:10:29] Início da atualização Tesouro Direto
[2026-03-26 11:10:29] ERRO: Arquivo rendimento-resgatar.csv não encontrado em Downloads
[2026-03-26 11:10:29] Início da atualização Tesouro Direto
[2026-03-26 11:10:29] ERRO: Arquivo rendimento-resgatar.csv não encontrado em Downloads
[2026-03-26 11:11:11] Início da atualização Tesouro Direto
[2026-03-26 11:11:11] ERRO: Arquivo rendimento-resgatar.csv não encontrado em Downloads
[2026-03-26 11:12:16] Início da atualização Tesouro Direto
[2026-03-26 11:12:16] ERRO: Arquivo rendimento-resgatar.csv não encontrado em Downloads
[2026-03-26 11:12:20] Início da atualização Tesouro Direto
[2026-03-26 11:12:20] ERRO: Arquivo rendimento-resgatar.csv não encontrado em Downloads
[2026-03-26 11:12:20] Início da atualização Tesouro Direto
[2026-03-26 11:12:20] ERRO: Arquivo rendimento-resgatar.csv não encontrado em Downloads
[2026-03-26 11:12:21] Início da atualização Tesouro Direto
[2026-03-26 11:12:21] ERRO: Arquivo rendimento-resgatar.csv não encontrado em Downloads
[2026-03-26 11:14:33] Início da atualização Tesouro Direto
[2026-03-26 11:14:33] ERRO: Arquivo rendimento-resgatar.csv não encontrado em Downloads
[2026-03-27 12:28:27] Início da atualização Tesouro Direto
[2026-03-27 12:28:27] ERRO: Arquivo rendimento-resgatar.csv não encontrado em Downloads
[2026-03-27 16:28:31] Início da atualização Tesouro Direto
[2026-03-27 16:28:31] ERRO: Arquivo rendimento-resgatar.csv não encontrado em Downloads
[2026-03-27 16:32:23] Início da atualização Tesouro Direto
[2026-03-27 16:32:23] ERRO: Arquivo rendimento-resgatar.csv não encontrado em Downloads
[2026-03-27 16:32:29] Início da atualização Tesouro Direto
[2026-03-27 16:32:29] ERRO: Arquivo rendimento-resgatar.csv não encontrado em Downloads
[2026-03-27 17:21:40] Início da atualização Tesouro Direto
[2026-03-27 17:21:40] ERRO: Arquivo rendimento-resgatar.csv não encontrado em Downloads
[2026-03-28 16:56:28] Início da atualização Tesouro Direto
[2026-03-28 16:56:28] ERRO: Arquivo rendimento-resgatar.csv não encontrado em Downloads
[2026-03-28 17:01:38] Início da atualização Tesouro Direto
[2026-03-28 17:01:38] ERRO: Arquivo rendimento-resgatar.csv não encontrado em Downloads
[2026-03-28 17:02:12] Início da atualização Tesouro Direto
[2026-03-28 17:02:12] ERRO: Arquivo rendimento-resgatar.csv não encontrado em Downloads
[2026-03-28 17:02:31] Início da atualização Tesouro Direto
[2026-03-28 17:02:31] ERRO: Arquivo rendimento-resgatar.csv não encontrado em Downloads
[2026-03-28 17:03:30] Início da atualização Tesouro Direto
[2026-03-28 17:03:30] ERRO: Arquivo rendimento-resgatar.csv não encontrado em Downloads
[2026-03-28 17:03:38] Início da atualização Tesouro Direto
[2026-03-28 17:03:38] ERRO: Arquivo rendimento-resgatar.csv não encontrado em Downloads
[2026-03-28 17:04:01] Início da atualização Tesouro Direto
[2026-03-28 17:04:01] ERRO: Arquivo rendimento-resgatar.csv não encontrado em Downloads
[2026-03-28 17:05:29] Início da atualização Tesouro Direto
[2026-03-28 17:05:29] ERRO: Arquivo rendimento-resgatar.csv não encontrado em Downloads
[2026-03-28 17:05:47] Início da atualização Tesouro Direto
[2026-03-28 17:05:47] ERRO: Arquivo rendimento-resgatar.csv não encontrado em Downloads
[2026-03-28 17:06:09] Início da atualização Tesouro Direto
[2026-03-28 17:06:09] ERRO: Arquivo rendimento-resgatar.csv não encontrado em Downloads
[2026-03-28 17:06:18] Início da atualização Tesouro Direto
[2026-03-28 17:06:18] ERRO: Arquivo rendimento-resgatar.csv não encontrado em Downloads
[2026-03-29 12:28:09] Início da atualização Tesouro Direto
[2026-03-29 12:28:09] ERRO: Arquivo rendimento-resgatar.csv não encontrado em Downloads
[2026-03-30 12:48:15] Início da atualização Tesouro Direto
[2026-03-30 12:48:15] ERRO: Arquivo rendimento-resgatar.csv não encontrado em Downloads
[2026-03-30 12:48:46] Início da atualização Tesouro Direto
[2026-03-30 12:48:46] ERRO: Arquivo rendimento-resgatar.csv não encontrado em Downloads
[2026-03-30 14:52:07] Início da atualização Tesouro Direto
[2026-03-30 14:52:07] ERRO: Arquivo rendimento-resgatar.csv não encontrado em Downloads
[2026-03-31 21:28:38] Início da atualização Tesouro Direto
[2026-03-31 21:28:38] ERRO: Arquivo rendimento-resgatar.csv não encontrado em Downloads
[2026-03-31 21:28:58] Início da atualização Tesouro Direto
[2026-03-31 21:28:58] ERRO: Arquivo rendimento-resgatar.csv não encontrado em Downloads
[2026-04-01 17:43:40] Início da atualização Tesouro Direto
[2026-04-01 17:43:40] ERRO: Arquivo rendimento-resgatar.csv não encontrado em Downloads
[2026-04-01 17:44:49] Início da atualização Tesouro Direto
[2026-04-01 17:44:49] ERRO: Arquivo rendimento-resgatar.csv não encontrado em Downloads
[2026-04-01 17:47:28] Início da atualização Tesouro Direto
[2026-04-01 17:47:28] ERRO: Arquivo rendimento-resgatar.csv não encontrado em Downloads
[2026-04-02 17:40:49] Início da atualização Tesouro Direto
[2026-04-02 17:40:49] ERRO: Arquivo rendimento-resgatar.csv não encontrado em Downloads
[2026-04-03 13:04:56] Início da atualização Tesouro Direto
[2026-04-03 13:04:56] ERRO: Arquivo rendimento-resgatar.csv não encontrado em Downloads
[2026-04-03 13:05:16] Início da atualização Tesouro Direto
[2026-04-03 13:05:16] ERRO: Arquivo rendimento-resgatar.csv não encontrado em Downloads
[2026-04-03 13:05:41] Início da atualização Tesouro Direto
[2026-04-03 13:05:41] ERRO: Arquivo rendimento-resgatar.csv não encontrado em Downloads
[2026-04-03 13:07:54] Início da atualização Tesouro Direto
[2026-04-03 13:07:54] ERRO: Arquivo rendimento-resgatar.csv não encontrado em Downloads
[2026-04-03 13:08:32] Início da atualização Tesouro Direto
[2026-04-03 13:08:32] ERRO: Arquivo rendimento-resgatar.csv não encontrado em Downloads
[2026-04-03 13:11:51] Início da atualização Tesouro Direto
[2026-04-03 13:11:51] ERRO: Arquivo rendimento-resgatar.csv não encontrado em Downloads
[2026-04-03 13:15:38] Início da atualização Tesouro Direto
[2026-04-03 13:15:38] Arquivo copiado com sucesso para o repositório
[2026-04-03 13:15:38] Arquivo removido do Downloads com sucesso
[master 89029c2] Atualização Tesouro Direto (resgate) - 2026-04-03 13:15:38
 2 files changed, 164 insertions(+), 60 deletions(-)
To https://github.com/tmcnet/tesouro-direto-dados.git
   3633c1c..89029c2  master -> master
[2026-04-03 13:15:38] Git push executado com sucesso
[2026-04-03 13:15:38] Fim da execução
----------------------------------------
[2026-04-03 18:04:27] Início da atualização Tesouro Direto
[2026-04-03 18:04:27] ERRO: Arquivo rendimento-resgatar.csv não encontrado em Downloads
[2026-04-06 08:33:48] Início da atualização Tesouro Direto
[2026-04-06 08:33:48] ERRO: Arquivo rendimento-resgatar.csv não encontrado em Downloads
[2026-04-06 13:50:47] Início da atualização Tesouro Direto
[2026-04-06 13:50:47] Arquivo copiado com sucesso para o repositório
[2026-04-06 13:50:47] Arquivo removido do Downloads com sucesso
[master 97036c1] Atualização Tesouro Direto (resgate) - 2026-04-06 13:50:47
 2 files changed, 74 insertions(+), 60 deletions(-)
To https://github.com/tmcnet/tesouro-direto-dados.git
   89029c2..97036c1  master -> master
[2026-04-06 13:50:47] Git push executado com sucesso
[2026-04-06 13:50:47] Fim da execução
----------------------------------------
[2026-04-06 14:11:58] Início da atualização Tesouro Direto
[2026-04-06 14:11:58] ERRO: Arquivo rendimento-resgatar.csv não encontrado em Downloads
[2026-04-06 14:40:14] Início da atualização Tesouro Direto
[2026-04-06 14:40:14] ERRO: Arquivo rendimento-resgatar.csv não encontrado em Downloads
[2026-04-06 14:40:31] Início da atualização Tesouro Direto
[2026-04-06 14:40:31] ERRO: Arquivo rendimento-resgatar.csv não encontrado em Downloads
[2026-04-06 14:40:39] Início da atualização Tesouro Direto
[2026-04-06 14:40:39] ERRO: Arquivo rendimento-resgatar.csv não encontrado em Downloads
[2026-04-06 14:40:47] Início da atualização Tesouro Direto
[2026-04-06 14:40:47] ERRO: Arquivo rendimento-resgatar.csv não encontrado em Downloads
[2026-04-08 11:45:08] Início da atualização Tesouro Direto
[2026-04-08 11:45:08] ERRO: Arquivo rendimento-resgatar.csv não encontrado em Downloads
[2026-04-08 11:45:49] Início da atualização Tesouro Direto
[2026-04-08 11:45:49] ERRO: Arquivo rendimento-resgatar.csv não encontrado em Downloads
[2026-04-08 12:41:14] Início da atualização Tesouro Direto
[2026-04-08 12:41:14] ERRO: Arquivo rendimento-resgatar.csv não encontrado em Downloads
[2026-04-08 12:41:30] Início da atualização Tesouro Direto
[2026-04-08 12:41:30] ERRO: Arquivo rendimento-resgatar.csv não encontrado em Downloads
[2026-04-08 12:44:50] Início da atualização Tesouro Direto
[2026-04-08 12:44:50] ERRO: Arquivo rendimento-resgatar.csv não encontrado em Downloads
[2026-04-08 12:45:09] Início da atualização Tesouro Direto
[2026-04-08 12:45:09] ERRO: Arquivo rendimento-resgatar.csv não encontrado em Downloads
[2026-04-08 12:45:41] Início da atualização Tesouro Direto
[2026-04-08 12:45:41] ERRO: Arquivo rendimento-resgatar.csv não encontrado em Downloads
[2026-04-08 12:47:16] Início da atualização Tesouro Direto
[2026-04-08 12:47:16] ERRO: Arquivo rendimento-resgatar.csv não encontrado em Downloads
[2026-04-08 12:47:29] Início da atualização Tesouro Direto
[2026-04-08 12:47:29] ERRO: Arquivo rendimento-resgatar.csv não encontrado em Downloads
[2026-04-08 13:53:02] Início da atualização Tesouro Direto
[2026-04-08 13:53:02] ERRO: Arquivo rendimento-resgatar.csv não encontrado em Downloads
[2026-04-08 13:53:48] Início da atualização Tesouro Direto
[2026-04-08 13:53:48] ERRO: Arquivo rendimento-resgatar.csv não encontrado em Downloads
[2026-04-08 13:54:16] Início da atualização Tesouro Direto
[2026-04-08 13:54:16] ERRO: Arquivo rendimento-resgatar.csv não encontrado em Downloads
[2026-04-08 13:58:08] Início da atualização Tesouro Direto
[2026-04-08 13:58:08] ERRO: Arquivo rendimento-resgatar.csv não encontrado em Downloads
[2026-04-08 13:58:25] Início da atualização Tesouro Direto
[2026-04-08 13:58:25] ERRO: Arquivo rendimento-resgatar.csv não encontrado em Downloads
[2026-04-08 13:58:42] Início da atualização Tesouro Direto
[2026-04-08 13:58:42] ERRO: Arquivo rendimento-resgatar.csv não encontrado em Downloads
[2026-04-08 13:58:56] Início da atualização Tesouro Direto
[2026-04-08 13:58:56] ERRO: Arquivo rendimento-resgatar.csv não encontrado em Downloads
[2026-04-08 13:59:08] Início da atualização Tesouro Direto
[2026-04-08 13:59:08] ERRO: Arquivo rendimento-resgatar.csv não encontrado em Downloads
[2026-04-08 13:59:23] Início da atualização Tesouro Direto
[2026-04-08 13:59:23] ERRO: Arquivo rendimento-resgatar.csv não encontrado em Downloads
[2026-04-08 13:59:35] Início da atualização Tesouro Direto
[2026-04-08 13:59:35] ERRO: Arquivo rendimento-resgatar.csv não encontrado em Downloads
[2026-04-08 14:00:04] Início da atualização Tesouro Direto
[2026-04-08 14:00:04] ERRO: Arquivo rendimento-resgatar.csv não encontrado em Downloads
[2026-04-08 14:00:19] Início da atualização Tesouro Direto
[2026-04-08 14:00:19] ERRO: Arquivo rendimento-resgatar.csv não encontrado em Downloads
[2026-04-08 14:00:43] Início da atualização Tesouro Direto
[2026-04-08 14:00:43] ERRO: Arquivo rendimento-resgatar.csv não encontrado em Downloads
[2026-04-08 14:00:56] Início da atualização Tesouro Direto
[2026-04-08 14:00:56] ERRO: Arquivo rendimento-resgatar.csv não encontrado em Downloads
[2026-04-08 14:01:17] Início da atualização Tesouro Direto
[2026-04-08 14:01:17] ERRO: Arquivo rendimento-resgatar.csv não encontrado em Downloads
[2026-04-08 14:01:28] Início da atualização Tesouro Direto
[2026-04-08 14:01:28] ERRO: Arquivo rendimento-resgatar.csv não encontrado em Downloads
[2026-04-08 14:01:49] Início da atualização Tesouro Direto
[2026-04-08 14:01:49] ERRO: Arquivo rendimento-resgatar.csv não encontrado em Downloads
[2026-04-08 14:02:01] Início da atualização Tesouro Direto
[2026-04-08 14:02:01] ERRO: Arquivo rendimento-resgatar.csv não encontrado em Downloads
[2026-04-08 14:02:31] Início da atualização Tesouro Direto
[2026-04-08 14:02:31] ERRO: Arquivo rendimento-resgatar.csv não encontrado em Downloads
[2026-04-08 14:03:29] Início da atualização Tesouro Direto
[2026-04-08 14:03:29] ERRO: Arquivo rendimento-resgatar.csv não encontrado em Downloads
[2026-04-08 14:03:52] Início da atualização Tesouro Direto
[2026-04-08 14:03:52] ERRO: Arquivo rendimento-resgatar.csv não encontrado em Downloads
[2026-04-08 14:04:07] Início da atualização Tesouro Direto
[2026-04-08 14:04:07] ERRO: Arquivo rendimento-resgatar.csv não encontrado em Downloads
[2026-04-08 14:04:39] Início da atualização Tesouro Direto
[2026-04-08 14:04:39] ERRO: Arquivo rendimento-resgatar.csv não encontrado em Downloads
[2026-04-08 14:05:06] Início da atualização Tesouro Direto
[2026-04-08 14:05:06] ERRO: Arquivo rendimento-resgatar.csv não encontrado em Downloads
[2026-04-08 14:05:55] Início da atualização Tesouro Direto
[2026-04-08 14:05:55] ERRO: Arquivo rendimento-resgatar.csv não encontrado em Downloads
[2026-04-08 14:11:25] Início da atualização Tesouro Direto
[2026-04-08 14:11:25] ERRO: Arquivo rendimento-resgatar.csv não encontrado em Downloads
[2026-04-08 14:11:28] Início da atualização Tesouro Direto
[2026-04-08 14:11:28] ERRO: Arquivo rendimento-resgatar.csv não encontrado em Downloads
[2026-04-08 14:11:55] Início da atualização Tesouro Direto
[2026-04-08 14:11:55] ERRO: Arquivo rendimento-resgatar.csv não encontrado em Downloads
[2026-04-08 14:13:39] Início da atualização Tesouro Direto
[2026-04-08 14:13:39] ERRO: Arquivo rendimento-resgatar.csv não encontrado em Downloads
[2026-04-08 14:14:35] Início da atualização Tesouro Direto
[2026-04-08 14:14:35] ERRO: Arquivo rendimento-resgatar.csv não encontrado em Downloads
[2026-04-08 14:16:55] Início da atualização Tesouro Direto
[2026-04-08 14:16:55] ERRO: Arquivo rendimento-resgatar.csv não encontrado em Downloads
[2026-04-08 14:17:56] Início da atualização Tesouro Direto
[2026-04-08 14:17:56] ERRO: Arquivo rendimento-resgatar.csv não encontrado em Downloads
[2026-04-08 14:22:20] Início da atualização Tesouro Direto
[2026-04-08 14:22:20] ERRO: Arquivo rendimento-resgatar.csv não encontrado em Downloads
[2026-04-08 14:22:24] Início da atualização Tesouro Direto
[2026-04-08 14:22:24] ERRO: Arquivo rendimento-resgatar.csv não encontrado em Downloads
[2026-04-08 14:22:46] Início da atualização Tesouro Direto
[2026-04-08 14:22:46] ERRO: Arquivo rendimento-resgatar.csv não encontrado em Downloads
[2026-04-08 14:23:54] Início da atualização Tesouro Direto
[2026-04-08 14:23:54] ERRO: Arquivo rendimento-resgatar.csv não encontrado em Downloads
[2026-04-08 14:24:15] Início da atualização Tesouro Direto
[2026-04-08 14:24:15] ERRO: Arquivo rendimento-resgatar.csv não encontrado em Downloads
[2026-04-08 14:24:26] Início da atualização Tesouro Direto
[2026-04-08 14:24:26] ERRO: Arquivo rendimento-resgatar.csv não encontrado em Downloads
[2026-04-08 14:25:41] Início da atualização Tesouro Direto
[2026-04-08 14:25:41] ERRO: Arquivo rendimento-resgatar.csv não encontrado em Downloads
[2026-04-08 14:29:46] Início da atualização Tesouro Direto
[2026-04-08 14:29:46] ERRO: Arquivo rendimento-resgatar.csv não encontrado em Downloads
[2026-04-08 20:28:37] Início da atualização Tesouro Direto
[2026-04-08 20:28:37] ERRO: Arquivo rendimento-resgatar.csv não encontrado em Downloads
[2026-04-08 20:28:40] Início da atualização Tesouro Direto
[2026-04-08 20:28:40] ERRO: Arquivo rendimento-resgatar.csv não encontrado em Downloads
[2026-04-08 20:28:42] Início da atualização Tesouro Direto
[2026-04-08 20:28:42] ERRO: Arquivo rendimento-resgatar.csv não encontrado em Downloads
[2026-04-08 20:28:44] Início da atualização Tesouro Direto
[2026-04-08 20:28:44] ERRO: Arquivo rendimento-resgatar.csv não encontrado em Downloads
[2026-04-08 20:28:46] Início da atualização Tesouro Direto
[2026-04-08 20:28:46] ERRO: Arquivo rendimento-resgatar.csv não encontrado em Downloads
[2026-04-08 20:28:47] Início da atualização Tesouro Direto
[2026-04-08 20:28:47] ERRO: Arquivo rendimento-resgatar.csv não encontrado em Downloads
[2026-04-08 20:28:47] Início da atualização Tesouro Direto
[2026-04-08 20:28:47] ERRO: Arquivo rendimento-resgatar.csv não encontrado em Downloads
[2026-04-08 20:28:47] Início da atualização Tesouro Direto
[2026-04-08 20:28:47] ERRO: Arquivo rendimento-resgatar.csv não encontrado em Downloads
[2026-04-08 20:29:47] Início da atualização Tesouro Direto
[2026-04-08 20:29:47] ERRO: Arquivo rendimento-resgatar.csv não encontrado em Downloads
[2026-04-08 20:30:15] Início da atualização Tesouro Direto
[2026-04-08 20:30:15] ERRO: Arquivo rendimento-resgatar.csv não encontrado em Downloads
[2026-04-09 09:35:50] Início da atualização Tesouro Direto
[2026-04-09 09:35:50] ERRO: Arquivo rendimento-resgatar.csv não encontrado em Downloads
[2026-04-09 09:37:06] Início da atualização Tesouro Direto
[2026-04-09 09:37:06] ERRO: Arquivo rendimento-resgatar.csv não encontrado em Downloads
[2026-04-09 09:42:58] Início da atualização Tesouro Direto
[2026-04-09 09:42:58] ERRO: Arquivo rendimento-resgatar.csv não encontrado em Downloads
[2026-04-09 09:43:10] Início da atualização Tesouro Direto
[2026-04-09 09:43:10] ERRO: Arquivo rendimento-resgatar.csv não encontrado em Downloads
[2026-04-09 09:47:21] Início da atualização Tesouro Direto
[2026-04-09 09:47:21] ERRO: Arquivo rendimento-resgatar.csv não encontrado em Downloads
[2026-04-09 09:47:35] Início da atualização Tesouro Direto
[2026-04-09 09:47:35] ERRO: Arquivo rendimento-resgatar.csv não encontrado em Downloads
[2026-04-09 11:27:30] Início da atualização Tesouro Direto
[2026-04-09 11:27:30] ERRO: Arquivo rendimento-resgatar.csv não encontrado em Downloads
[2026-04-09 11:27:35] Início da atualização Tesouro Direto
[2026-04-09 11:27:35] ERRO: Arquivo rendimento-resgatar.csv não encontrado em Downloads
[2026-04-09 11:28:16] Início da atualização Tesouro Direto
[2026-04-09 11:28:16] ERRO: Arquivo rendimento-resgatar.csv não encontrado em Downloads
[2026-04-09 11:34:01] Início da atualização Tesouro Direto
[2026-04-09 11:34:01] ERRO: Arquivo rendimento-resgatar.csv não encontrado em Downloads
[2026-04-09 11:34:19] Início da atualização Tesouro Direto
[2026-04-09 11:34:19] ERRO: Arquivo rendimento-resgatar.csv não encontrado em Downloads
[2026-04-10 13:51:14] Início da atualização Tesouro Direto
[2026-04-10 13:51:14] ERRO: Arquivo rendimento-resgatar.csv não encontrado em Downloads
[2026-04-10 13:52:04] Início da atualização Tesouro Direto
[2026-04-10 13:52:04] ERRO: Arquivo rendimento-resgatar.csv não encontrado em Downloads
[2026-04-10 13:58:50] Início da atualização Tesouro Direto
[2026-04-10 13:58:50] ERRO: Arquivo rendimento-resgatar.csv não encontrado em Downloads
[2026-04-10 13:59:25] Início da atualização Tesouro Direto
[2026-04-10 13:59:25] ERRO: Arquivo rendimento-resgatar.csv não encontrado em Downloads
[2026-04-10 13:59:52] Início da atualização Tesouro Direto
[2026-04-10 13:59:52] ERRO: Arquivo rendimento-resgatar.csv não encontrado em Downloads
[2026-04-10 14:01:17] Início da atualização Tesouro Direto
[2026-04-10 14:01:17] ERRO: Arquivo rendimento-resgatar.csv não encontrado em Downloads
[2026-04-10 14:01:20] Início da atualização Tesouro Direto
[2026-04-10 14:01:20] ERRO: Arquivo rendimento-resgatar.csv não encontrado em Downloads
[2026-04-10 14:07:02] Início da atualização Tesouro Direto
[2026-04-10 14:07:02] ERRO: Arquivo rendimento-resgatar.csv não encontrado em Downloads
[2026-04-10 14:07:17] Início da atualização Tesouro Direto
[2026-04-10 14:07:17] ERRO: Arquivo rendimento-resgatar.csv não encontrado em Downloads
[2026-04-10 14:09:13] Início da atualização Tesouro Direto
[2026-04-10 14:09:13] ERRO: Arquivo rendimento-resgatar.csv não encontrado em Downloads
[2026-04-10 14:10:05] Início da atualização Tesouro Direto
[2026-04-10 14:10:05] ERRO: Arquivo rendimento-resgatar.csv não encontrado em Downloads
[2026-04-10 14:15:55] Início da atualização Tesouro Direto
[2026-04-10 14:15:55] ERRO: Arquivo rendimento-resgatar.csv não encontrado em Downloads
[2026-04-10 14:19:59] Início da atualização Tesouro Direto
[2026-04-10 14:19:59] ERRO: Arquivo rendimento-resgatar.csv não encontrado em Downloads
[2026-04-10 14:22:35] Início da atualização Tesouro Direto
[2026-04-10 14:22:35] ERRO: Arquivo rendimento-resgatar.csv não encontrado em Downloads
[2026-04-10 14:23:34] Início da atualização Tesouro Direto
[2026-04-10 14:23:34] ERRO: Arquivo rendimento-resgatar.csv não encontrado em Downloads
[2026-04-10 15:02:08] Início da atualização Tesouro Direto
[2026-04-10 15:02:08] ERRO: Arquivo rendimento-resgatar.csv não encontrado em Downloads
[2026-04-10 15:02:47] Início da atualização Tesouro Direto
[2026-04-10 15:02:47] ERRO: Arquivo rendimento-resgatar.csv não encontrado em Downloads
[2026-04-10 15:05:00] Início da atualização Tesouro Direto
[2026-04-10 15:05:00] ERRO: Arquivo rendimento-resgatar.csv não encontrado em Downloads
[2026-04-10 15:14:39] Início da atualização Tesouro Direto
[2026-04-10 15:14:39] ERRO: Arquivo rendimento-resgatar.csv não encontrado em Downloads
[2026-04-10 17:18:38] Início da atualização Tesouro Direto
[2026-04-10 17:18:38] ERRO: Arquivo rendimento-resgatar.csv não encontrado em Downloads
[2026-04-11 11:28:13] Início da atualização Tesouro Direto
[2026-04-11 11:28:13] ERRO: Arquivo rendimento-resgatar.csv não encontrado em Downloads
[2026-04-11 11:35:34] Início da atualização Tesouro Direto
[2026-04-11 11:35:34] ERRO: Arquivo rendimento-resgatar.csv não encontrado em Downloads
[2026-04-11 11:37:25] Início da atualização Tesouro Direto
[2026-04-11 11:37:25] ERRO: Arquivo rendimento-resgatar.csv não encontrado em Downloads
[2026-04-11 11:38:01] Início da atualização Tesouro Direto
[2026-04-11 11:38:01] ERRO: Arquivo rendimento-resgatar.csv não encontrado em Downloads
[2026-04-11 12:01:27] Início da atualização Tesouro Direto
[2026-04-11 12:01:27] Arquivo copiado com sucesso para o repositório
[2026-04-11 12:01:27] Arquivo removido do Downloads com sucesso
[master 955a4fd] Atualização Tesouro Direto (resgate) - 2026-04-11 12:01:27
 2 files changed, 268 insertions(+), 60 deletions(-)
To https://github.com/tmcnet/tesouro-direto-dados.git
   97036c1..955a4fd  master -> master
[2026-04-11 12:01:27] Git push executado com sucesso
[2026-04-11 12:01:27] Fim da execução
----------------------------------------
[2026-04-11 12:50:38] Início da atualização Tesouro Direto
[2026-04-11 12:50:38] ERRO: Arquivo rendimento-resgatar.csv não encontrado em Downloads
[2026-04-11 12:50:57] Início da atualização Tesouro Direto
[2026-04-11 12:50:57] ERRO: Arquivo rendimento-resgatar.csv não encontrado em Downloads
[2026-04-11 12:53:14] Início da atualização Tesouro Direto
[2026-04-11 12:53:14] ERRO: Arquivo rendimento-resgatar.csv não encontrado em Downloads
[2026-04-12 18:13:18] Início da atualização Tesouro Direto
[2026-04-12 18:13:18] ERRO: Arquivo rendimento-resgatar.csv não encontrado em Downloads
[2026-04-12 18:24:03] Início da atualização Tesouro Direto
[2026-04-12 18:24:03] ERRO: Arquivo rendimento-resgatar.csv não encontrado em Downloads
[2026-04-12 18:24:05] Início da atualização Tesouro Direto
[2026-04-12 18:24:05] ERRO: Arquivo rendimento-resgatar.csv não encontrado em Downloads
[2026-04-12 18:24:07] Início da atualização Tesouro Direto
[2026-04-12 18:24:07] ERRO: Arquivo rendimento-resgatar.csv não encontrado em Downloads
[2026-04-12 18:24:10] Início da atualização Tesouro Direto
[2026-04-12 18:24:10] ERRO: Arquivo rendimento-resgatar.csv não encontrado em Downloads
[2026-04-12 18:24:12] Início da atualização Tesouro Direto
[2026-04-12 18:24:12] ERRO: Arquivo rendimento-resgatar.csv não encontrado em Downloads
[2026-04-15 09:52:00] Início da atualização Tesouro Direto
[2026-04-15 09:52:00] ERRO: Arquivo rendimento-resgatar.csv não encontrado em Downloads
[2026-04-15 09:52:34] Início da atualização Tesouro Direto
[2026-04-15 09:52:34] ERRO: Arquivo rendimento-resgatar.csv não encontrado em Downloads
[2026-04-15 10:17:02] Início da atualização Tesouro Direto
[2026-04-15 10:17:02] ERRO: Arquivo rendimento-resgatar.csv não encontrado em Downloads
[2026-04-15 10:17:45] Início da atualização Tesouro Direto
[2026-04-15 10:17:45] ERRO: Arquivo rendimento-resgatar.csv não encontrado em Downloads
[2026-04-15 10:18:33] Início da atualização Tesouro Direto
[2026-04-15 10:18:33] ERRO: Arquivo rendimento-resgatar.csv não encontrado em Downloads
[2026-04-15 10:43:53] Início da atualização Tesouro Direto
[2026-04-15 10:43:53] ERRO: Arquivo rendimento-resgatar.csv não encontrado em Downloads
[2026-04-15 10:44:04] Início da atualização Tesouro Direto
[2026-04-15 10:44:04] ERRO: Arquivo rendimento-resgatar.csv não encontrado em Downloads
[2026-04-15 10:44:21] Início da atualização Tesouro Direto
[2026-04-15 10:44:21] ERRO: Arquivo rendimento-resgatar.csv não encontrado em Downloads
[2026-04-15 10:44:28] Início da atualização Tesouro Direto
[2026-04-15 10:44:28] ERRO: Arquivo rendimento-resgatar.csv não encontrado em Downloads
[2026-04-15 10:44:45] Início da atualização Tesouro Direto
[2026-04-15 10:44:45] ERRO: Arquivo rendimento-resgatar.csv não encontrado em Downloads
[2026-04-15 10:44:57] Início da atualização Tesouro Direto
[2026-04-15 10:44:57] ERRO: Arquivo rendimento-resgatar.csv não encontrado em Downloads
[2026-04-15 10:50:03] Início da atualização Tesouro Direto
[2026-04-15 10:50:03] ERRO: Arquivo rendimento-resgatar.csv não encontrado em Downloads
[2026-04-15 10:50:16] Início da atualização Tesouro Direto
[2026-04-15 10:50:16] ERRO: Arquivo rendimento-resgatar.csv não encontrado em Downloads
[2026-04-15 10:50:24] Início da atualização Tesouro Direto
[2026-04-15 10:50:24] ERRO: Arquivo rendimento-resgatar.csv não encontrado em Downloads
[2026-04-15 17:42:26] Início da atualização Tesouro Direto
[2026-04-15 17:42:26] ERRO: Arquivo rendimento-resgatar.csv não encontrado em Downloads
[2026-04-15 20:53:18] Início da atualização Tesouro Direto
[2026-04-15 20:53:18] ERRO: Arquivo rendimento-resgatar.csv não encontrado em Downloads
[2026-04-15 20:53:26] Início da atualização Tesouro Direto
[2026-04-15 20:53:26] ERRO: Arquivo rendimento-resgatar.csv não encontrado em Downloads
[2026-04-15 20:54:11] Início da atualização Tesouro Direto
[2026-04-15 20:54:11] ERRO: Arquivo rendimento-resgatar.csv não encontrado em Downloads
[2026-04-15 20:54:15] Início da atualização Tesouro Direto
[2026-04-15 20:54:15] ERRO: Arquivo rendimento-resgatar.csv não encontrado em Downloads
[2026-04-15 21:04:01] Início da atualização Tesouro Direto
[2026-04-15 21:04:01] ERRO: Arquivo rendimento-resgatar.csv não encontrado em Downloads
[2026-04-15 21:10:21] Início da atualização Tesouro Direto
[2026-04-15 21:10:21] ERRO: Arquivo rendimento-resgatar.csv não encontrado em Downloads
[2026-04-15 21:15:44] Início da atualização Tesouro Direto
[2026-04-15 21:15:44] ERRO: Arquivo rendimento-resgatar.csv não encontrado em Downloads
[2026-04-15 21:20:29] Início da atualização Tesouro Direto
[2026-04-15 21:20:29] ERRO: Arquivo rendimento-resgatar.csv não encontrado em Downloads
[2026-04-15 21:22:23] Início da atualização Tesouro Direto
[2026-04-15 21:22:23] ERRO: Arquivo rendimento-resgatar.csv não encontrado em Downloads
[2026-04-16 09:22:28] Início da atualização Tesouro Direto
[2026-04-16 09:22:28] ERRO: Arquivo rendimento-resgatar.csv não encontrado em Downloads
[2026-04-16 09:25:13] Início da atualização Tesouro Direto
[2026-04-16 09:25:13] ERRO: Arquivo rendimento-resgatar.csv não encontrado em Downloads
[2026-04-16 09:36:25] Início da atualização Tesouro Direto
[2026-04-16 09:36:25] ERRO: Arquivo rendimento-resgatar.csv não encontrado em Downloads
[2026-04-16 09:37:27] Início da atualização Tesouro Direto
[2026-04-16 09:37:27] ERRO: Arquivo rendimento-resgatar.csv não encontrado em Downloads
[2026-04-16 09:37:58] Início da atualização Tesouro Direto
[2026-04-16 09:37:58] ERRO: Arquivo rendimento-resgatar.csv não encontrado em Downloads
[2026-04-16 09:40:07] Início da atualização Tesouro Direto
[2026-04-16 09:40:07] ERRO: Arquivo rendimento-resgatar.csv não encontrado em Downloads
[2026-04-17 11:57:00] Início da atualização Tesouro Direto
[2026-04-17 11:57:00] ERRO: Arquivo rendimento-resgatar.csv não encontrado em Downloads
[2026-04-17 11:59:32] Início da atualização Tesouro Direto
[2026-04-17 11:59:32] ERRO: Arquivo rendimento-resgatar.csv não encontrado em Downloads
[2026-04-17 12:00:31] Início da atualização Tesouro Direto
[2026-04-17 12:00:31] ERRO: Arquivo rendimento-resgatar.csv não encontrado em Downloads
[2026-04-18 08:52:09] Início da atualização Tesouro Direto
[2026-04-18 08:52:09] ERRO: Arquivo rendimento-resgatar.csv não encontrado em Downloads
[2026-04-18 09:01:52] Início da atualização Tesouro Direto
[2026-04-18 09:01:52] Arquivo copiado com sucesso para o repositório
[2026-04-18 09:01:52] Arquivo removido do Downloads com sucesso
[master e89c529] Atualização Tesouro Direto (resgate) - 2026-04-18 09:01:52
 2 files changed, 156 insertions(+), 60 deletions(-)
To https://github.com/tmcnet/tesouro-direto-dados.git
   955a4fd..e89c529  master -> master
[2026-04-18 09:01:52] Git push executado com sucesso
[2026-04-18 09:01:52] Fim da execução
----------------------------------------
[2026-04-20 20:30:18] Início da atualização Tesouro Direto
[2026-04-20 20:30:18] ERRO: Arquivo rendimento-resgatar.csv não encontrado em Downloads
[2026-04-20 20:30:36] Início da atualização Tesouro Direto
[2026-04-20 20:30:36] ERRO: Arquivo rendimento-resgatar.csv não encontrado em Downloads
[2026-04-21 11:27:10] Início da atualização Tesouro Direto
[2026-04-21 11:27:10] Arquivo copiado com sucesso para o repositório
[2026-04-21 11:27:10] Arquivo removido do Downloads com sucesso
[master 69175a2] Atualização Tesouro Direto (resgate) - 2026-04-21 11:27:10
 2 files changed, 74 insertions(+), 60 deletions(-)
To https://github.com/tmcnet/tesouro-direto-dados.git
   e89c529..69175a2  master -> master
[2026-04-21 11:27:10] Git push executado com sucesso
[2026-04-21 11:27:10] Fim da execução
----------------------------------------
[2026-04-22 11:54:07] Início da atualização Tesouro Direto
[2026-04-22 11:54:07] Arquivo copiado com sucesso para o repositório
[2026-04-22 11:54:07] Arquivo removido do Downloads com sucesso
[master 593e093] Atualização Tesouro Direto (resgate) - 2026-04-22 11:54:07
 2 files changed, 70 insertions(+), 60 deletions(-)
To https://github.com/tmcnet/tesouro-direto-dados.git
   69175a2..593e093  master -> master
[2026-04-22 11:54:07] Git push executado com sucesso
[2026-04-22 11:54:07] Fim da execução
----------------------------------------
[2026-04-22 12:56:47] Início da atualização Tesouro Direto
[2026-04-22 12:56:47] ERRO: Arquivo rendimento-resgatar.csv não encontrado em Downloads
[2026-04-23 11:25:47] Início da atualização Tesouro Direto
[2026-04-23 11:25:47] ERRO: Arquivo rendimento-resgatar.csv não encontrado em Downloads
[2026-04-23 11:26:36] Início da atualização Tesouro Direto
[2026-04-23 11:26:36] ERRO: Arquivo rendimento-resgatar.csv não encontrado em Downloads
[2026-04-24 19:22:20] Início da atualização Tesouro Direto
[2026-04-24 19:22:20] ERRO: Arquivo rendimento-resgatar.csv não encontrado em Downloads
[2026-04-25 11:57:34] Início da atualização Tesouro Direto
[2026-04-25 11:57:34] ERRO: Arquivo rendimento-resgatar.csv não encontrado em Downloads
[2026-04-25 19:16:20] Início da atualização Tesouro Direto
[2026-04-25 19:16:20] ERRO: Arquivo rendimento-resgatar.csv não encontrado em Downloads
[2026-04-25 19:16:27] Início da atualização Tesouro Direto
[2026-04-25 19:16:27] ERRO: Arquivo rendimento-resgatar.csv não encontrado em Downloads
[2026-04-26 15:55:36] Início da atualização Tesouro Direto
[2026-04-26 15:55:36] ERRO: Arquivo rendimento-resgatar.csv não encontrado em Downloads
[2026-04-26 15:55:56] Início da atualização Tesouro Direto
[2026-04-26 15:55:56] ERRO: Arquivo rendimento-resgatar.csv não encontrado em Downloads
[2026-04-27 09:39:52] Início da atualização Tesouro Direto
[2026-04-27 09:39:52] ERRO: Arquivo rendimento-resgatar.csv não encontrado em Downloads
[2026-04-27 09:58:11] Início da atualização Tesouro Direto
[2026-04-27 09:58:11] ERRO: Arquivo rendimento-resgatar.csv não encontrado em Downloads
[2026-04-28 10:19:03] Início da atualização Tesouro Direto
[2026-04-28 10:19:03] ERRO: Arquivo rendimento-resgatar.csv não encontrado em Downloads
[2026-04-29 09:07:46] Início da atualização Tesouro Direto
[2026-04-29 09:07:46] ERRO: Arquivo rendimento-resgatar.csv não encontrado em Downloads
[2026-04-29 09:07:46] Início da atualização Tesouro Direto
[2026-04-29 09:07:46] ERRO: Arquivo rendimento-resgatar.csv não encontrado em Downloads
[2026-04-29 09:07:47] Início da atualização Tesouro Direto
[2026-04-29 09:07:47] ERRO: Arquivo rendimento-resgatar.csv não encontrado em Downloads
[2026-04-29 09:08:41] Início da atualização Tesouro Direto
[2026-04-29 09:08:41] ERRO: Arquivo rendimento-resgatar.csv não encontrado em Downloads
[2026-04-29 09:11:03] Início da atualização Tesouro Direto
[2026-04-29 09:11:03] ERRO: Arquivo rendimento-resgatar.csv não encontrado em Downloads
[2026-04-29 09:11:03] Início da atualização Tesouro Direto
[2026-04-29 09:11:03] ERRO: Arquivo rendimento-resgatar.csv não encontrado em Downloads
[2026-04-29 09:11:04] Início da atualização Tesouro Direto
[2026-04-29 09:11:04] ERRO: Arquivo rendimento-resgatar.csv não encontrado em Downloads
[2026-04-29 09:11:08] Início da atualização Tesouro Direto
[2026-04-29 09:11:08] ERRO: Arquivo rendimento-resgatar.csv não encontrado em Downloads
[2026-04-29 09:11:10] Início da atualização Tesouro Direto
[2026-04-29 09:11:10] ERRO: Arquivo rendimento-resgatar.csv não encontrado em Downloads
[2026-04-29 09:11:10] Início da atualização Tesouro Direto
[2026-04-29 09:11:10] ERRO: Arquivo rendimento-resgatar.csv não encontrado em Downloads
[2026-04-29 09:11:11] Início da atualização Tesouro Direto
[2026-04-29 09:11:11] ERRO: Arquivo rendimento-resgatar.csv não encontrado em Downloads
[2026-04-29 09:11:12] Início da atualização Tesouro Direto
[2026-04-29 09:11:12] ERRO: Arquivo rendimento-resgatar.csv não encontrado em Downloads
[2026-04-29 09:11:12] Início da atualização Tesouro Direto
[2026-04-29 09:11:12] ERRO: Arquivo rendimento-resgatar.csv não encontrado em Downloads
[2026-04-29 09:17:36] Início da atualização Tesouro Direto
[2026-04-29 09:17:36] ERRO: Arquivo rendimento-resgatar.csv não encontrado em Downloads
[2026-04-29 09:24:00] Início da atualização Tesouro Direto
[2026-04-29 09:24:00] ERRO: Arquivo rendimento-resgatar.csv não encontrado em Downloads
[2026-04-29 09:24:00] Início da atualização Tesouro Direto
[2026-04-29 09:24:00] ERRO: Arquivo rendimento-resgatar.csv não encontrado em Downloads
[2026-04-29 09:24:01] Início da atualização Tesouro Direto
[2026-04-29 09:24:01] ERRO: Arquivo rendimento-resgatar.csv não encontrado em Downloads
[2026-04-29 09:24:04] Início da atualização Tesouro Direto
[2026-04-29 09:24:04] ERRO: Arquivo rendimento-resgatar.csv não encontrado em Downloads
[2026-04-29 09:24:05] Início da atualização Tesouro Direto
[2026-04-29 09:24:05] ERRO: Arquivo rendimento-resgatar.csv não encontrado em Downloads
[2026-04-29 09:24:05] Início da atualização Tesouro Direto
[2026-04-29 09:24:05] ERRO: Arquivo rendimento-resgatar.csv não encontrado em Downloads
[2026-04-29 09:24:05] Início da atualização Tesouro Direto
[2026-04-29 09:24:05] ERRO: Arquivo rendimento-resgatar.csv não encontrado em Downloads
[2026-04-29 09:24:06] Início da atualização Tesouro Direto
[2026-04-29 09:24:06] ERRO: Arquivo rendimento-resgatar.csv não encontrado em Downloads
[2026-04-29 09:24:07] Início da atualização Tesouro Direto
[2026-04-29 09:24:07] ERRO: Arquivo rendimento-resgatar.csv não encontrado em Downloads
[2026-04-29 09:24:18] Início da atualização Tesouro Direto
[2026-04-29 09:24:18] ERRO: Arquivo rendimento-resgatar.csv não encontrado em Downloads
[2026-04-29 09:24:24] Início da atualização Tesouro Direto
[2026-04-29 09:24:24] ERRO: Arquivo rendimento-resgatar.csv não encontrado em Downloads
[2026-04-29 09:28:00] Início da atualização Tesouro Direto
[2026-04-29 09:28:00] ERRO: Arquivo rendimento-resgatar.csv não encontrado em Downloads
[2026-04-29 11:59:07] Início da atualização Tesouro Direto
[2026-04-29 11:59:07] ERRO: Arquivo rendimento-resgatar.csv não encontrado em Downloads
[2026-04-29 12:07:37] Início da atualização Tesouro Direto
[2026-04-29 12:07:37] ERRO: Arquivo rendimento-resgatar.csv não encontrado em Downloads
[2026-04-29 12:10:39] Início da atualização Tesouro Direto
[2026-04-29 12:10:39] ERRO: Arquivo rendimento-resgatar.csv não encontrado em Downloads
[2026-04-29 12:11:19] Início da atualização Tesouro Direto
[2026-04-29 12:11:19] ERRO: Arquivo rendimento-resgatar.csv não encontrado em Downloads
[2026-04-29 12:11:27] Início da atualização Tesouro Direto
[2026-04-29 12:11:27] ERRO: Arquivo rendimento-resgatar.csv não encontrado em Downloads
[2026-04-29 12:11:40] Início da atualização Tesouro Direto
[2026-04-29 12:11:40] ERRO: Arquivo rendimento-resgatar.csv não encontrado em Downloads
[2026-04-29 12:13:51] Início da atualização Tesouro Direto
[2026-04-29 12:13:51] ERRO: Arquivo rendimento-resgatar.csv não encontrado em Downloads
[2026-04-29 12:14:23] Início da atualização Tesouro Direto
[2026-04-29 12:14:23] ERRO: Arquivo rendimento-resgatar.csv não encontrado em Downloads
[2026-04-29 12:17:23] Início da atualização Tesouro Direto
[2026-04-29 12:17:23] ERRO: Arquivo rendimento-resgatar.csv não encontrado em Downloads
[2026-04-29 12:17:29] Início da atualização Tesouro Direto
[2026-04-29 12:17:29] ERRO: Arquivo rendimento-resgatar.csv não encontrado em Downloads
[2026-04-29 12:31:57] Início da atualização Tesouro Direto
[2026-04-29 12:31:57] ERRO: Arquivo rendimento-resgatar.csv não encontrado em Downloads
[2026-04-29 12:38:00] Início da atualização Tesouro Direto
[2026-04-29 12:38:00] ERRO: Arquivo rendimento-resgatar.csv não encontrado em Downloads
[2026-04-29 12:44:35] Início da atualização Tesouro Direto
[2026-04-29 12:44:35] ERRO: Arquivo rendimento-resgatar.csv não encontrado em Downloads
[2026-04-30 09:19:31] Início da atualização Tesouro Direto
[2026-04-30 09:19:31] ERRO: Arquivo rendimento-resgatar.csv não encontrado em Downloads
[2026-04-30 15:21:00] Início da atualização Tesouro Direto
[2026-04-30 15:21:00] ERRO: Arquivo rendimento-resgatar.csv não encontrado em Downloads
[2026-04-30 15:22:04] Início da atualização Tesouro Direto
[2026-04-30 15:22:04] ERRO: Arquivo rendimento-resgatar.csv não encontrado em Downloads
[2026-04-30 15:27:12] Início da atualização Tesouro Direto
[2026-04-30 15:27:12] ERRO: Arquivo rendimento-resgatar.csv não encontrado em Downloads
[2026-04-30 15:28:45] Início da atualização Tesouro Direto
[2026-04-30 15:28:45] ERRO: Arquivo rendimento-resgatar.csv não encontrado em Downloads
[2026-04-30 18:38:52] Início da atualização Tesouro Direto
[2026-04-30 18:38:52] ERRO: Arquivo rendimento-resgatar.csv não encontrado em Downloads
[2026-04-30 18:38:57] Início da atualização Tesouro Direto
[2026-04-30 18:38:57] ERRO: Arquivo rendimento-resgatar.csv não encontrado em Downloads
[2026-05-03 14:17:34] Início da atualização Tesouro Direto
[2026-05-03 14:17:34] ERRO: Arquivo rendimento-resgatar.csv não encontrado em Downloads
[2026-05-03 14:18:59] Início da atualização Tesouro Direto
[2026-05-03 14:18:59] ERRO: Arquivo rendimento-resgatar.csv não encontrado em Downloads
[2026-05-03 14:19:35] Início da atualização Tesouro Direto
[2026-05-03 14:19:35] ERRO: Arquivo rendimento-resgatar.csv não encontrado em Downloads
[2026-05-03 19:33:31] Início da atualização Tesouro Direto
[2026-05-03 19:33:31] ERRO: Arquivo rendimento-resgatar.csv não encontrado em Downloads
[2026-05-03 19:33:34] Início da atualização Tesouro Direto
[2026-05-03 19:33:34] ERRO: Arquivo rendimento-resgatar.csv não encontrado em Downloads
[2026-05-03 19:33:36] Início da atualização Tesouro Direto
[2026-05-03 19:33:36] ERRO: Arquivo rendimento-resgatar.csv não encontrado em Downloads
[2026-05-03 19:33:36] Início da atualização Tesouro Direto
[2026-05-03 19:33:36] ERRO: Arquivo rendimento-resgatar.csv não encontrado em Downloads
[2026-05-03 19:33:38] Início da atualização Tesouro Direto
[2026-05-03 19:33:38] ERRO: Arquivo rendimento-resgatar.csv não encontrado em Downloads
[2026-05-04 10:57:59] Início da atualização Tesouro Direto
[2026-05-04 10:57:59] ERRO: Arquivo rendimento-resgatar.csv não encontrado em Downloads
[2026-05-04 11:22:00] Início da atualização Tesouro Direto
[2026-05-04 11:22:00] ERRO: Arquivo rendimento-resgatar.csv não encontrado em Downloads
[2026-05-04 11:28:14] Início da atualização Tesouro Direto
[2026-05-04 11:28:14] ERRO: Arquivo rendimento-resgatar.csv não encontrado em Downloads
[2026-05-04 11:47:17] Início da atualização Tesouro Direto
[2026-05-04 11:47:17] ERRO: Arquivo rendimento-resgatar.csv não encontrado em Downloads
[2026-05-04 11:47:25] Início da atualização Tesouro Direto
[2026-05-04 11:47:25] ERRO: Arquivo rendimento-resgatar.csv não encontrado em Downloads
[2026-05-04 11:47:34] Início da atualização Tesouro Direto
[2026-05-04 11:47:34] ERRO: Arquivo rendimento-resgatar.csv não encontrado em Downloads
[2026-05-04 11:47:40] Início da atualização Tesouro Direto
[2026-05-04 11:47:40] ERRO: Arquivo rendimento-resgatar.csv não encontrado em Downloads
[2026-05-04 11:51:44] Início da atualização Tesouro Direto
[2026-05-04 11:51:44] ERRO: Arquivo rendimento-resgatar.csv não encontrado em Downloads
[2026-05-04 11:51:53] Início da atualização Tesouro Direto
[2026-05-04 11:51:53] ERRO: Arquivo rendimento-resgatar.csv não encontrado em Downloads
[2026-05-04 11:52:01] Início da atualização Tesouro Direto
[2026-05-04 11:52:01] ERRO: Arquivo rendimento-resgatar.csv não encontrado em Downloads
[2026-05-04 11:52:10] Início da atualização Tesouro Direto
[2026-05-04 11:52:10] ERRO: Arquivo rendimento-resgatar.csv não encontrado em Downloads
[2026-05-04 12:17:46] Início da atualização Tesouro Direto
[2026-05-04 12:17:46] ERRO: Arquivo rendimento-resgatar.csv não encontrado em Downloads
[2026-05-04 17:43:19] Início da atualização Tesouro Direto
[2026-05-04 17:43:19] Arquivo copiado com sucesso para o repositório
[2026-05-04 17:43:19] Arquivo removido do Downloads com sucesso
[master e539d1d] Atualização Tesouro Direto (resgate) - 2026-05-04 17:43:19
 2 files changed, 226 insertions(+), 60 deletions(-)
To https://github.com/tmcnet/tesouro-direto-dados.git
   593e093..e539d1d  master -> master
[2026-05-04 17:43:19] Git push executado com sucesso
[2026-05-04 17:43:19] Fim da execução
----------------------------------------
[2026-05-04 18:02:16] Início da atualização Tesouro Direto
[2026-05-04 18:02:16] Arquivo copiado com sucesso para o repositório
[2026-05-04 18:02:16] Arquivo removido do Downloads com sucesso
[master 9b2aecd] Atualização Tesouro Direto (resgate) - 2026-05-04 18:02:16
 1 file changed, 10 insertions(+)
To https://github.com/tmcnet/tesouro-direto-dados.git
   e539d1d..9b2aecd  master -> master
[2026-05-04 18:02:16] Git push executado com sucesso
[2026-05-04 18:02:16] Fim da execução
----------------------------------------
[2026-05-05 09:35:48] Início da atualização Tesouro Direto
[2026-05-05 09:35:48] ERRO: Arquivo rendimento-resgatar.csv não encontrado em Downloads
[2026-05-05 11:44:19] Início da atualização Tesouro Direto
[2026-05-05 11:44:19] Arquivo copiado com sucesso para o repositório
[2026-05-05 11:44:19] Arquivo removido do Downloads com sucesso
[master e88a463] Atualização Tesouro Direto (resgate) - 2026-05-05 11:44:19
 2 files changed, 70 insertions(+), 58 deletions(-)
To https://github.com/tmcnet/tesouro-direto-dados.git
   9b2aecd..e88a463  master -> master
[2026-05-05 11:44:19] Git push executado com sucesso
[2026-05-05 11:44:19] Fim da execução
----------------------------------------
[2026-05-05 11:44:37] Início da atualização Tesouro Direto
[2026-05-05 11:44:37] Arquivo copiado com sucesso para o repositório
[2026-05-05 11:44:37] Arquivo removido do Downloads com sucesso
[master d4177aa] Atualização Tesouro Direto (resgate) - 2026-05-05 11:44:37
 1 file changed, 10 insertions(+)
To https://github.com/tmcnet/tesouro-direto-dados.git
   e88a463..d4177aa  master -> master
[2026-05-05 11:44:37] Git push executado com sucesso
[2026-05-05 11:44:37] Fim da execução
----------------------------------------
[2026-05-05 11:58:21] Início da atualização Tesouro Direto
[2026-05-05 11:58:21] ERRO: Arquivo rendimento-resgatar.csv não encontrado em Downloads
[2026-05-05 12:31:21] Início da atualização Tesouro Direto
[2026-05-05 12:31:21] ERRO: Arquivo rendimento-resgatar.csv não encontrado em Downloads
[2026-05-05 12:55:19] Início da atualização Tesouro Direto
[2026-05-05 12:55:19] ERRO: Arquivo rendimento-resgatar.csv não encontrado em Downloads
[2026-05-05 12:55:33] Início da atualização Tesouro Direto
[2026-05-05 12:55:33] ERRO: Arquivo rendimento-resgatar.csv não encontrado em Downloads
[2026-05-05 12:57:51] Início da atualização Tesouro Direto
[2026-05-05 12:57:51] ERRO: Arquivo rendimento-resgatar.csv não encontrado em Downloads
[2026-05-05 12:58:04] Início da atualização Tesouro Direto
[2026-05-05 12:58:04] ERRO: Arquivo rendimento-resgatar.csv não encontrado em Downloads
[2026-05-05 12:59:10] Início da atualização Tesouro Direto
[2026-05-05 12:59:10] ERRO: Arquivo rendimento-resgatar.csv não encontrado em Downloads
[2026-05-05 13:01:09] Início da atualização Tesouro Direto
[2026-05-05 13:01:09] ERRO: Arquivo rendimento-resgatar.csv não encontrado em Downloads
[2026-05-05 13:01:13] Início da atualização Tesouro Direto
[2026-05-05 13:01:13] ERRO: Arquivo rendimento-resgatar.csv não encontrado em Downloads
[2026-05-05 13:01:44] Início da atualização Tesouro Direto
[2026-05-05 13:01:44] ERRO: Arquivo rendimento-resgatar.csv não encontrado em Downloads
[2026-05-05 13:06:28] Início da atualização Tesouro Direto
[2026-05-05 13:06:28] ERRO: Arquivo rendimento-resgatar.csv não encontrado em Downloads
[2026-05-05 13:11:15] Início da atualização Tesouro Direto
[2026-05-05 13:11:15] ERRO: Arquivo rendimento-resgatar.csv não encontrado em Downloads
[2026-05-05 13:18:26] Início da atualização Tesouro Direto
[2026-05-05 13:18:26] ERRO: Arquivo rendimento-resgatar.csv não encontrado em Downloads
[2026-05-05 13:27:13] Início da atualização Tesouro Direto
[2026-05-05 13:27:13] ERRO: Arquivo rendimento-resgatar.csv não encontrado em Downloads
[2026-05-05 13:28:40] Início da atualização Tesouro Direto
[2026-05-05 13:28:40] ERRO: Arquivo rendimento-resgatar.csv não encontrado em Downloads
[2026-05-05 13:30:25] Início da atualização Tesouro Direto
[2026-05-05 13:30:25] ERRO: Arquivo rendimento-resgatar.csv não encontrado em Downloads
[2026-05-05 13:32:32] Início da atualização Tesouro Direto
[2026-05-05 13:32:32] ERRO: Arquivo rendimento-resgatar.csv não encontrado em Downloads
[2026-05-05 13:34:13] Início da atualização Tesouro Direto
[2026-05-05 13:34:13] ERRO: Arquivo rendimento-resgatar.csv não encontrado em Downloads
[2026-05-05 13:35:39] Início da atualização Tesouro Direto
[2026-05-05 13:35:39] ERRO: Arquivo rendimento-resgatar.csv não encontrado em Downloads
[2026-05-05 13:36:29] Início da atualização Tesouro Direto
[2026-05-05 13:36:29] ERRO: Arquivo rendimento-resgatar.csv não encontrado em Downloads
[2026-05-05 13:37:39] Início da atualização Tesouro Direto
[2026-05-05 13:37:39] ERRO: Arquivo rendimento-resgatar.csv não encontrado em Downloads
[2026-05-05 13:38:28] Início da atualização Tesouro Direto
[2026-05-05 13:38:28] ERRO: Arquivo rendimento-resgatar.csv não encontrado em Downloads
[2026-05-05 13:39:20] Início da atualização Tesouro Direto
[2026-05-05 13:39:20] ERRO: Arquivo rendimento-resgatar.csv não encontrado em Downloads
[2026-05-05 13:40:04] Início da atualização Tesouro Direto
[2026-05-05 13:40:04] ERRO: Arquivo rendimento-resgatar.csv não encontrado em Downloads
[2026-05-05 13:40:50] Início da atualização Tesouro Direto
[2026-05-05 13:40:50] ERRO: Arquivo rendimento-resgatar.csv não encontrado em Downloads
[2026-05-05 13:41:10] Início da atualização Tesouro Direto
[2026-05-05 13:41:10] ERRO: Arquivo rendimento-resgatar.csv não encontrado em Downloads
[2026-05-05 13:42:55] Início da atualização Tesouro Direto
[2026-05-05 13:42:55] ERRO: Arquivo rendimento-resgatar.csv não encontrado em Downloads
[2026-05-05 13:44:08] Início da atualização Tesouro Direto
[2026-05-05 13:44:08] ERRO: Arquivo rendimento-resgatar.csv não encontrado em Downloads
[2026-05-05 13:45:58] Início da atualização Tesouro Direto
[2026-05-05 13:45:58] ERRO: Arquivo rendimento-resgatar.csv não encontrado em Downloads
[2026-05-05 13:46:31] Início da atualização Tesouro Direto
[2026-05-05 13:46:31] ERRO: Arquivo rendimento-resgatar.csv não encontrado em Downloads
[2026-05-05 13:47:31] Início da atualização Tesouro Direto
[2026-05-05 13:47:31] ERRO: Arquivo rendimento-resgatar.csv não encontrado em Downloads
[2026-05-05 13:48:19] Início da atualização Tesouro Direto
[2026-05-05 13:48:19] ERRO: Arquivo rendimento-resgatar.csv não encontrado em Downloads
[2026-05-05 13:49:32] Início da atualização Tesouro Direto
[2026-05-05 13:49:32] ERRO: Arquivo rendimento-resgatar.csv não encontrado em Downloads
[2026-05-05 13:50:05] Início da atualização Tesouro Direto
[2026-05-05 13:50:05] ERRO: Arquivo rendimento-resgatar.csv não encontrado em Downloads
[2026-05-05 13:50:38] Início da atualização Tesouro Direto
[2026-05-05 13:50:38] ERRO: Arquivo rendimento-resgatar.csv não encontrado em Downloads
[2026-05-05 13:50:38] Início da atualização Tesouro Direto
[2026-05-05 13:50:38] ERRO: Arquivo rendimento-resgatar.csv não encontrado em Downloads
[2026-05-05 13:51:11] Início da atualização Tesouro Direto
[2026-05-05 13:51:11] ERRO: Arquivo rendimento-resgatar.csv não encontrado em Downloads
[2026-05-05 13:54:52] Início da atualização Tesouro Direto
[2026-05-05 13:54:52] ERRO: Arquivo rendimento-resgatar.csv não encontrado em Downloads
[2026-05-05 14:00:43] Início da atualização Tesouro Direto
[2026-05-05 14:00:43] ERRO: Arquivo rendimento-resgatar.csv não encontrado em Downloads
[2026-05-05 14:01:50] Início da atualização Tesouro Direto
[2026-05-05 14:01:50] ERRO: Arquivo rendimento-resgatar.csv não encontrado em Downloads
[2026-05-05 14:06:47] Início da atualização Tesouro Direto
[2026-05-05 14:06:47] ERRO: Arquivo rendimento-resgatar.csv não encontrado em Downloads
[2026-05-06 08:01:16] Início da atualização Tesouro Direto
[2026-05-06 08:01:16] ERRO: Arquivo rendimento-resgatar.csv não encontrado em Downloads
[2026-05-06 08:01:58] Início da atualização Tesouro Direto
[2026-05-06 08:01:58] ERRO: Arquivo rendimento-resgatar.csv não encontrado em Downloads
[2026-05-06 08:21:06] Início da atualização Tesouro Direto
[2026-05-06 08:21:06] ERRO: Arquivo rendimento-resgatar.csv não encontrado em Downloads
[2026-05-06 08:21:09] Início da atualização Tesouro Direto
[2026-05-06 08:21:09] ERRO: Arquivo rendimento-resgatar.csv não encontrado em Downloads
[2026-05-06 09:43:03] Início da atualização Tesouro Direto
[2026-05-06 09:43:03] ERRO: Arquivo rendimento-resgatar.csv não encontrado em Downloads
[2026-05-06 09:43:07] Início da atualização Tesouro Direto
[2026-05-06 09:43:07] ERRO: Arquivo rendimento-resgatar.csv não encontrado em Downloads
[2026-05-06 10:42:16] Início da atualização Tesouro Direto
[2026-05-06 10:42:16] ERRO: Arquivo rendimento-resgatar.csv não encontrado em Downloads
[2026-05-06 10:42:20] Início da atualização Tesouro Direto
[2026-05-06 10:42:20] ERRO: Arquivo rendimento-resgatar.csv não encontrado em Downloads
[2026-05-06 13:54:44] Início da atualização Tesouro Direto
[2026-05-06 13:54:44] ERRO: Arquivo rendimento-resgatar.csv não encontrado em Downloads
[2026-05-06 13:56:28] Início da atualização Tesouro Direto
[2026-05-06 13:56:28] ERRO: Arquivo rendimento-resgatar.csv não encontrado em Downloads
[2026-05-06 15:32:07] Início da atualização Tesouro Direto
[2026-05-06 15:32:07] ERRO: Arquivo rendimento-resgatar.csv não encontrado em Downloads
[2026-05-06 15:32:08] Início da atualização Tesouro Direto
[2026-05-06 15:32:08] ERRO: Arquivo rendimento-resgatar.csv não encontrado em Downloads
[2026-05-06 15:32:09] Início da atualização Tesouro Direto
[2026-05-06 15:32:09] ERRO: Arquivo rendimento-resgatar.csv não encontrado em Downloads
[2026-05-06 15:32:09] Início da atualização Tesouro Direto
[2026-05-06 15:32:09] ERRO: Arquivo rendimento-resgatar.csv não encontrado em Downloads
[2026-05-06 15:32:10] Início da atualização Tesouro Direto
[2026-05-06 15:32:10] ERRO: Arquivo rendimento-resgatar.csv não encontrado em Downloads
[2026-05-06 15:32:11] Início da atualização Tesouro Direto
[2026-05-06 15:32:11] ERRO: Arquivo rendimento-resgatar.csv não encontrado em Downloads
[2026-05-06 15:36:17] Início da atualização Tesouro Direto
[2026-05-06 15:36:17] ERRO: Arquivo rendimento-resgatar.csv não encontrado em Downloads
[2026-05-06 15:37:36] Início da atualização Tesouro Direto
[2026-05-06 15:37:36] ERRO: Arquivo rendimento-resgatar.csv não encontrado em Downloads
[2026-05-06 15:40:15] Início da atualização Tesouro Direto
[2026-05-06 15:40:15] ERRO: Arquivo rendimento-resgatar.csv não encontrado em Downloads
[2026-05-06 15:41:59] Início da atualização Tesouro Direto
[2026-05-06 15:41:59] ERRO: Arquivo rendimento-resgatar.csv não encontrado em Downloads
[2026-05-07 08:37:10] Início da atualização Tesouro Direto
[2026-05-07 08:37:10] ERRO: Arquivo rendimento-resgatar.csv não encontrado em Downloads
[2026-05-07 08:49:13] Início da atualização Tesouro Direto
[2026-05-07 08:49:13] ERRO: Arquivo rendimento-resgatar.csv não encontrado em Downloads
[2026-05-07 13:22:03] Início da atualização Tesouro Direto
[2026-05-07 13:22:03] ERRO: Arquivo rendimento-resgatar.csv não encontrado em Downloads
[2026-05-07 13:35:34] Início da atualização Tesouro Direto
[2026-05-07 13:35:34] ERRO: Arquivo rendimento-resgatar.csv não encontrado em Downloads
[2026-05-07 17:14:51] Início da atualização Tesouro Direto
[2026-05-07 17:14:51] ERRO: Arquivo rendimento-resgatar.csv não encontrado em Downloads
[2026-05-07 17:15:09] Início da atualização Tesouro Direto
[2026-05-07 17:15:09] ERRO: Arquivo rendimento-resgatar.csv não encontrado em Downloads
[2026-05-07 18:00:14] Início da atualização Tesouro Direto
[2026-05-07 18:00:14] ERRO: Arquivo rendimento-resgatar.csv não encontrado em Downloads
[2026-05-07 18:00:17] Início da atualização Tesouro Direto
[2026-05-07 18:00:17] ERRO: Arquivo rendimento-resgatar.csv não encontrado em Downloads
[2026-05-08 09:27:36] Início da atualização Tesouro Direto
[2026-05-08 09:27:36] ERRO: Arquivo rendimento-resgatar.csv não encontrado em Downloads
[2026-05-08 09:29:05] Início da atualização Tesouro Direto
[2026-05-08 09:29:05] ERRO: Arquivo rendimento-resgatar.csv não encontrado em Downloads
[2026-05-08 09:30:29] Início da atualização Tesouro Direto
[2026-05-08 09:30:29] ERRO: Arquivo rendimento-resgatar.csv não encontrado em Downloads
[2026-05-08 09:31:53] Início da atualização Tesouro Direto
[2026-05-08 09:31:53] ERRO: Arquivo rendimento-resgatar.csv não encontrado em Downloads
[2026-05-08 09:32:20] Início da atualização Tesouro Direto
[2026-05-08 09:32:20] ERRO: Arquivo rendimento-resgatar.csv não encontrado em Downloads
[2026-05-08 09:34:20] Início da atualização Tesouro Direto
[2026-05-08 09:34:20] ERRO: Arquivo rendimento-resgatar.csv não encontrado em Downloads
[2026-05-08 09:34:49] Início da atualização Tesouro Direto
[2026-05-08 09:34:49] ERRO: Arquivo rendimento-resgatar.csv não encontrado em Downloads
[2026-05-08 09:35:42] Início da atualização Tesouro Direto
[2026-05-08 09:35:42] ERRO: Arquivo rendimento-resgatar.csv não encontrado em Downloads
[2026-05-08 09:43:18] Início da atualização Tesouro Direto
[2026-05-08 09:43:18] ERRO: Arquivo rendimento-resgatar.csv não encontrado em Downloads
[2026-05-09 08:59:18] Início da atualização Tesouro Direto
[2026-05-09 08:59:18] ERRO: Arquivo rendimento-resgatar.csv não encontrado em Downloads
[2026-05-09 09:18:37] Início da atualização Tesouro Direto
[2026-05-09 09:18:37] ERRO: Arquivo rendimento-resgatar.csv não encontrado em Downloads
[2026-05-09 09:19:03] Início da atualização Tesouro Direto
[2026-05-09 09:19:03] ERRO: Arquivo rendimento-resgatar.csv não encontrado em Downloads
[2026-05-09 09:31:44] Início da atualização Tesouro Direto
[2026-05-09 09:31:44] ERRO: Arquivo rendimento-resgatar.csv não encontrado em Downloads
[2026-05-09 09:32:06] Início da atualização Tesouro Direto
[2026-05-09 09:32:06] ERRO: Arquivo rendimento-resgatar.csv não encontrado em Downloads
[2026-05-10 18:44:03] Início da atualização Tesouro Direto
[2026-05-10 18:44:03] ERRO: Arquivo rendimento-resgatar.csv não encontrado em Downloads
[2026-05-10 18:44:30] Início da atualização Tesouro Direto
[2026-05-10 18:44:30] ERRO: Arquivo rendimento-resgatar.csv não encontrado em Downloads
[2026-05-11 09:22:50] Início da atualização Tesouro Direto
[2026-05-11 09:22:50] ERRO: Arquivo rendimento-resgatar.csv não encontrado em Downloads
[2026-05-12 09:48:46] Início da atualização Tesouro Direto
[2026-05-12 09:48:46] ERRO: Arquivo rendimento-resgatar.csv não encontrado em Downloads
[2026-05-12 11:39:15] Início da atualização Tesouro Direto
[2026-05-12 11:39:15] ERRO: Arquivo rendimento-resgatar.csv não encontrado em Downloads
[2026-05-12 11:40:11] Início da atualização Tesouro Direto
[2026-05-12 11:40:11] ERRO: Arquivo rendimento-resgatar.csv não encontrado em Downloads
[2026-05-12 11:40:48] Início da atualização Tesouro Direto
[2026-05-12 11:40:48] ERRO: Arquivo rendimento-resgatar.csv não encontrado em Downloads
[2026-05-12 13:42:53] Início da atualização Tesouro Direto
[2026-05-12 13:42:53] ERRO: Arquivo rendimento-resgatar.csv não encontrado em Downloads
[2026-05-12 13:42:58] Início da atualização Tesouro Direto
[2026-05-12 13:42:58] ERRO: Arquivo rendimento-resgatar.csv não encontrado em Downloads
[2026-05-13 09:02:08] Início da atualização Tesouro Direto
[2026-05-13 09:02:08] ERRO: Arquivo rendimento-resgatar.csv não encontrado em Downloads
[2026-05-13 13:35:02] Início da atualização Tesouro Direto
[2026-05-13 13:35:02] ERRO: Arquivo rendimento-resgatar.csv não encontrado em Downloads
[2026-05-13 20:10:53] Início da atualização Tesouro Direto
[2026-05-13 20:10:53] ERRO: Arquivo rendimento-resgatar.csv não encontrado em Downloads
[2026-05-13 20:10:54] Início da atualização Tesouro Direto
[2026-05-13 20:10:54] ERRO: Arquivo rendimento-resgatar.csv não encontrado em Downloads
[2026-05-13 20:14:27] Início da atualização Tesouro Direto
[2026-05-13 20:14:27] ERRO: Arquivo rendimento-resgatar.csv não encontrado em Downloads
[2026-05-13 20:15:00] Início da atualização Tesouro Direto
[2026-05-13 20:15:00] ERRO: Arquivo rendimento-resgatar.csv não encontrado em Downloads
[2026-05-14 12:29:59] Início da atualização Tesouro Direto
[2026-05-14 12:29:59] ERRO: Arquivo rendimento-resgatar.csv não encontrado em Downloads
[2026-05-14 13:01:28] Início da atualização Tesouro Direto
[2026-05-14 13:01:28] ERRO: Arquivo rendimento-resgatar.csv não encontrado em Downloads
[2026-05-14 13:01:39] Início da atualização Tesouro Direto
[2026-05-14 13:01:39] ERRO: Arquivo rendimento-resgatar.csv não encontrado em Downloads
[2026-05-14 13:41:20] Início da atualização Tesouro Direto
[2026-05-14 13:41:20] ERRO: Arquivo rendimento-resgatar.csv não encontrado em Downloads
[2026-05-14 13:41:35] Início da atualização Tesouro Direto
[2026-05-14 13:41:35] ERRO: Arquivo rendimento-resgatar.csv não encontrado em Downloads
[2026-05-14 19:07:23] Início da atualização Tesouro Direto
[2026-05-14 19:07:23] ERRO: Arquivo rendimento-resgatar.csv não encontrado em Downloads
[2026-05-14 19:07:36] Início da atualização Tesouro Direto
[2026-05-14 19:07:36] ERRO: Arquivo rendimento-resgatar.csv não encontrado em Downloads
[2026-05-14 19:26:44] Início da atualização Tesouro Direto
[2026-05-14 19:26:44] ERRO: Arquivo rendimento-resgatar.csv não encontrado em Downloads
[2026-05-15 08:07:32] Início da atualização Tesouro Direto
[2026-05-15 08:07:32] ERRO: Arquivo rendimento-resgatar.csv não encontrado em Downloads
[2026-05-15 11:13:15] Início da atualização Tesouro Direto
[2026-05-15 11:13:15] ERRO: Arquivo rendimento-resgatar.csv não encontrado em Downloads
[2026-05-15 17:36:05] Início da atualização Tesouro Direto
[2026-05-15 17:36:05] ERRO: Arquivo rendimento-resgatar.csv não encontrado em Downloads
[2026-05-15 17:38:41] Início da atualização Tesouro Direto
[2026-05-15 17:38:41] ERRO: Arquivo rendimento-resgatar.csv não encontrado em Downloads
[2026-05-15 17:42:44] Início da atualização Tesouro Direto
[2026-05-15 17:42:44] ERRO: Arquivo rendimento-resgatar.csv não encontrado em Downloads
[2026-05-15 18:02:55] Início da atualização Tesouro Direto
[2026-05-15 18:02:55] ERRO: Arquivo rendimento-resgatar.csv não encontrado em Downloads
[2026-05-15 18:03:32] Início da atualização Tesouro Direto
[2026-05-15 18:03:32] ERRO: Arquivo rendimento-resgatar.csv não encontrado em Downloads
[2026-05-15 21:35:58] Início da atualização Tesouro Direto
[2026-05-15 21:35:58] ERRO: Arquivo rendimento-resgatar.csv não encontrado em Downloads
[2026-05-15 21:47:05] Início da atualização Tesouro Direto
[2026-05-15 21:47:05] ERRO: Arquivo rendimento-resgatar.csv não encontrado em Downloads
[2026-05-17 09:13:03] Início da atualização Tesouro Direto
[2026-05-17 09:13:03] ERRO: Arquivo rendimento-resgatar.csv não encontrado em Downloads
[2026-05-17 09:13:28] Início da atualização Tesouro Direto
[2026-05-17 09:13:28] ERRO: Arquivo rendimento-resgatar.csv não encontrado em Downloads
[2026-05-17 09:15:01] Início da atualização Tesouro Direto
[2026-05-17 09:15:01] ERRO: Arquivo rendimento-resgatar.csv não encontrado em Downloads
[2026-05-17 09:15:16] Início da atualização Tesouro Direto
[2026-05-17 09:15:16] ERRO: Arquivo rendimento-resgatar.csv não encontrado em Downloads
[2026-05-17 18:57:56] Início da atualização Tesouro Direto
[2026-05-17 18:57:56] ERRO: Arquivo rendimento-resgatar.csv não encontrado em Downloads
[2026-05-18 09:17:43] Início da atualização Tesouro Direto
[2026-05-18 09:17:43] ERRO: Arquivo rendimento-resgatar.csv não encontrado em Downloads
[2026-05-18 12:36:19] Início da atualização Tesouro Direto
[2026-05-18 12:36:19] ERRO: Arquivo rendimento-resgatar.csv não encontrado em Downloads
[2026-05-18 12:54:46] Início da atualização Tesouro Direto
[2026-05-18 12:54:46] ERRO: Arquivo rendimento-resgatar.csv não encontrado em Downloads
[2026-05-18 13:49:52] Início da atualização Tesouro Direto
[2026-05-18 13:49:52] ERRO: Arquivo rendimento-resgatar.csv não encontrado em Downloads
[2026-05-18 13:53:02] Início da atualização Tesouro Direto
[2026-05-18 13:53:02] ERRO: Arquivo rendimento-resgatar.csv não encontrado em Downloads
[2026-05-18 13:53:54] Início da atualização Tesouro Direto
[2026-05-18 13:53:54] ERRO: Arquivo rendimento-resgatar.csv não encontrado em Downloads
[2026-05-18 15:52:37] Início da atualização Tesouro Direto
[2026-05-18 15:52:37] ERRO: Arquivo rendimento-resgatar.csv não encontrado em Downloads
[2026-05-18 15:52:50] Início da atualização Tesouro Direto
[2026-05-18 15:52:50] ERRO: Arquivo rendimento-resgatar.csv não encontrado em Downloads
[2026-05-18 17:40:35] Início da atualização Tesouro Direto
[2026-05-18 17:40:35] ERRO: Arquivo rendimento-resgatar.csv não encontrado em Downloads
[2026-05-18 17:40:38] Início da atualização Tesouro Direto
[2026-05-18 17:40:38] ERRO: Arquivo rendimento-resgatar.csv não encontrado em Downloads
[2026-05-18 17:40:42] Início da atualização Tesouro Direto
[2026-05-18 17:40:42] ERRO: Arquivo rendimento-resgatar.csv não encontrado em Downloads
[2026-05-18 17:43:39] Início da atualização Tesouro Direto
[2026-05-18 17:43:39] ERRO: Arquivo rendimento-resgatar.csv não encontrado em Downloads
[2026-05-20 09:53:47] Início da atualização Tesouro Direto
[2026-05-20 09:53:47] ERRO: Arquivo rendimento-resgatar.csv não encontrado em Downloads
[2026-05-20 09:59:38] Início da atualização Tesouro Direto
[2026-05-20 09:59:38] ERRO: Arquivo rendimento-resgatar.csv não encontrado em Downloads
[2026-05-20 09:59:52] Início da atualização Tesouro Direto
[2026-05-20 09:59:52] ERRO: Arquivo rendimento-resgatar.csv não encontrado em Downloads
[2026-05-20 16:31:43] Início da atualização Tesouro Direto
[2026-05-20 16:31:43] ERRO: Arquivo rendimento-resgatar.csv não encontrado em Downloads
[2026-05-21 08:05:58] Início da atualização Tesouro Direto
[2026-05-21 08:05:58] ERRO: Arquivo rendimento-resgatar.csv não encontrado em Downloads
[2026-05-21 08:32:31] Início da atualização Tesouro Direto
[2026-05-21 08:32:31] ERRO: Arquivo rendimento-resgatar.csv não encontrado em Downloads
[2026-05-21 08:33:23] Início da atualização Tesouro Direto
[2026-05-21 08:33:23] ERRO: Arquivo rendimento-resgatar.csv não encontrado em Downloads
[2026-05-21 11:30:56] Início da atualização Tesouro Direto
[2026-05-21 11:30:56] ERRO: Arquivo rendimento-resgatar.csv não encontrado em Downloads
[2026-05-23 15:11:35] Início da atualização Tesouro Direto
[2026-05-23 15:11:35] ERRO: Arquivo rendimento-resgatar.csv não encontrado em Downloads
[2026-05-23 15:12:22] Início da atualização Tesouro Direto
[2026-05-23 15:12:22] ERRO: Arquivo rendimento-resgatar.csv não encontrado em Downloads
[2026-05-23 15:49:07] Início da atualização Tesouro Direto
[2026-05-23 15:49:07] ERRO: Arquivo rendimento-resgatar.csv não encontrado em Downloads
[2026-05-23 15:49:55] Início da atualização Tesouro Direto
[2026-05-23 15:49:55] ERRO: Arquivo rendimento-resgatar.csv não encontrado em Downloads
[2026-05-23 15:50:28] Início da atualização Tesouro Direto
[2026-05-23 15:50:28] ERRO: Arquivo rendimento-resgatar.csv não encontrado em Downloads
[2026-05-23 17:54:47] Início da atualização Tesouro Direto
[2026-05-23 17:54:47] ERRO: Arquivo rendimento-resgatar.csv não encontrado em Downloads
[2026-05-23 17:56:22] Início da atualização Tesouro Direto
[2026-05-23 17:56:22] ERRO: Arquivo rendimento-resgatar.csv não encontrado em Downloads
[2026-05-24 19:33:06] Início da atualização Tesouro Direto
[2026-05-24 19:33:06] ERRO: Arquivo rendimento-resgatar.csv não encontrado em Downloads
[2026-05-25 09:17:42] Início da atualização Tesouro Direto
[2026-05-25 09:17:42] ERRO: Arquivo rendimento-resgatar.csv não encontrado em Downloads
[2026-05-25 09:29:19] Início da atualização Tesouro Direto
[2026-05-25 09:29:19] ERRO: Arquivo rendimento-resgatar.csv não encontrado em Downloads
[2026-05-25 09:29:42] Início da atualização Tesouro Direto
[2026-05-25 09:29:42] ERRO: Arquivo rendimento-resgatar.csv não encontrado em Downloads
[2026-05-26 08:25:26] Início da atualização Tesouro Direto
[2026-05-26 08:25:26] ERRO: Arquivo rendimento-resgatar.csv não encontrado em Downloads
[2026-05-26 08:25:52] Início da atualização Tesouro Direto
[2026-05-26 08:25:52] ERRO: Arquivo rendimento-resgatar.csv não encontrado em Downloads
[2026-05-26 09:16:59] Início da atualização Tesouro Direto
[2026-05-26 09:16:59] ERRO: Arquivo rendimento-resgatar.csv não encontrado em Downloads
[2026-05-26 09:19:03] Início da atualização Tesouro Direto
[2026-05-26 09:19:03] Arquivo copiado com sucesso para o repositório
[2026-05-26 09:19:03] Arquivo removido do Downloads com sucesso
[master 4b98e73] Atualização Tesouro Direto (resgate) - 2026-05-26 09:19:03
 2 files changed, 379 insertions(+), 60 deletions(-)
To https://github.com/tmcnet/tesouro-direto-dados.git
   d4177aa..4b98e73  master -> master
[2026-05-26 09:19:03] Git push executado com sucesso
[2026-05-26 09:19:03] Fim da execução
----------------------------------------
[2026-05-26 09:19:58] Início da atualização Tesouro Direto
[2026-05-26 09:19:58] ERRO: Arquivo rendimento-resgatar.csv não encontrado em Downloads
[2026-05-26 11:36:30] Início da atualização Tesouro Direto
[2026-05-26 11:36:30] ERRO: Arquivo rendimento-resgatar.csv não encontrado em Downloads
[2026-05-28 15:03:10] Início da atualização Tesouro Direto
[2026-05-28 15:03:10] ERRO: Arquivo rendimento-resgatar.csv não encontrado em Downloads
[2026-05-28 15:03:27] Início da atualização Tesouro Direto
[2026-05-28 15:03:27] ERRO: Arquivo rendimento-resgatar.csv não encontrado em Downloads
[2026-05-29 09:12:21] Início da atualização Tesouro Direto
[2026-05-29 09:12:21] ERRO: Arquivo rendimento-resgatar.csv não encontrado em Downloads
[2026-05-29 09:13:27] Início da atualização Tesouro Direto
[2026-05-29 09:13:27] ERRO: Arquivo rendimento-resgatar.csv não encontrado em Downloads
[2026-05-29 09:30:00] Início da atualização Tesouro Direto
[2026-05-29 09:30:00] ERRO: Arquivo rendimento-resgatar.csv não encontrado em Downloads
[2026-05-29 19:28:32] Início da atualização Tesouro Direto
[2026-05-29 19:28:32] Arquivo copiado com sucesso para o repositório
[2026-05-29 19:28:32] Arquivo removido do Downloads com sucesso
[master 1738152] Atualização Tesouro Direto (resgate) - 2026-05-29 19:28:32
 2 files changed, 85 insertions(+), 61 deletions(-)
To https://github.com/tmcnet/tesouro-direto-dados.git
   4b98e73..1738152  master -> master
[2026-05-29 19:28:32] Git push executado com sucesso
[2026-05-29 19:28:32] Fim da execução
----------------------------------------
[2026-06-01 08:56:28] Início da atualização Tesouro Direto
[2026-06-01 08:56:28] ERRO: Arquivo rendimento-resgatar.csv não encontrado em Downloads
[2026-06-01 08:58:17] Início da atualização Tesouro Direto
[2026-06-01 08:58:17] ERRO: Arquivo rendimento-resgatar.csv não encontrado em Downloads
[2026-06-01 09:06:52] Início da atualização Tesouro Direto
[2026-06-01 09:06:52] ERRO: Arquivo rendimento-resgatar.csv não encontrado em Downloads
[2026-06-01 09:08:51] Início da atualização Tesouro Direto
[2026-06-01 09:08:51] ERRO: Arquivo rendimento-resgatar.csv não encontrado em Downloads
[2026-06-01 12:15:28] Início da atualização Tesouro Direto
[2026-06-01 12:15:28] ERRO: Arquivo rendimento-resgatar.csv não encontrado em Downloads
[2026-06-03 08:38:35] Início da atualização Tesouro Direto
[2026-06-03 08:38:35] ERRO: Arquivo rendimento-resgatar.csv não encontrado em Downloads
[2026-06-03 08:41:19] Início da atualização Tesouro Direto
[2026-06-03 08:41:19] ERRO: Arquivo rendimento-resgatar.csv não encontrado em Downloads
[2026-06-03 08:41:37] Início da atualização Tesouro Direto
[2026-06-03 08:41:37] ERRO: Arquivo rendimento-resgatar.csv não encontrado em Downloads
[2026-06-03 08:41:40] Início da atualização Tesouro Direto
[2026-06-03 08:41:40] ERRO: Arquivo rendimento-resgatar.csv não encontrado em Downloads
[2026-06-03 08:42:36] Início da atualização Tesouro Direto
[2026-06-03 08:42:36] ERRO: Arquivo rendimento-resgatar.csv não encontrado em Downloads
[2026-06-03 08:42:38] Início da atualização Tesouro Direto
[2026-06-03 08:42:38] ERRO: Arquivo rendimento-resgatar.csv não encontrado em Downloads
[2026-06-03 08:42:39] Início da atualização Tesouro Direto
[2026-06-03 08:42:39] ERRO: Arquivo rendimento-resgatar.csv não encontrado em Downloads
[2026-06-03 08:42:40] Início da atualização Tesouro Direto
[2026-06-03 08:42:40] ERRO: Arquivo rendimento-resgatar.csv não encontrado em Downloads
[2026-06-03 08:42:40] Início da atualização Tesouro Direto
[2026-06-03 08:42:40] ERRO: Arquivo rendimento-resgatar.csv não encontrado em Downloads
[2026-06-03 08:43:07] Início da atualização Tesouro Direto
[2026-06-03 08:43:07] ERRO: Arquivo rendimento-resgatar.csv não encontrado em Downloads
[2026-06-03 08:43:28] Início da atualização Tesouro Direto
[2026-06-03 08:43:28] ERRO: Arquivo rendimento-resgatar.csv não encontrado em Downloads
[2026-06-03 08:44:15] Início da atualização Tesouro Direto
[2026-06-03 08:44:15] ERRO: Arquivo rendimento-resgatar.csv não encontrado em Downloads
[2026-06-03 08:44:50] Início da atualização Tesouro Direto
[2026-06-03 08:44:50] ERRO: Arquivo rendimento-resgatar.csv não encontrado em Downloads
[2026-06-03 08:45:33] Início da atualização Tesouro Direto
[2026-06-03 08:45:33] ERRO: Arquivo rendimento-resgatar.csv não encontrado em Downloads
[2026-06-03 08:46:06] Início da atualização Tesouro Direto
[2026-06-03 08:46:06] ERRO: Arquivo rendimento-resgatar.csv não encontrado em Downloads
[2026-06-03 08:46:38] Início da atualização Tesouro Direto
[2026-06-03 08:46:38] ERRO: Arquivo rendimento-resgatar.csv não encontrado em Downloads
[2026-06-03 09:43:08] Início da atualização Tesouro Direto
[2026-06-03 09:43:08] ERRO: Arquivo rendimento-resgatar.csv não encontrado em Downloads
[2026-06-03 09:45:10] Início da atualização Tesouro Direto
[2026-06-03 09:45:10] ERRO: Arquivo rendimento-resgatar.csv não encontrado em Downloads
[2026-06-03 10:56:56] Início da atualização Tesouro Direto
[2026-06-03 10:56:56] ERRO: Arquivo rendimento-resgatar.csv não encontrado em Downloads
[2026-06-03 10:57:31] Início da atualização Tesouro Direto
[2026-06-03 10:57:31] ERRO: Arquivo rendimento-resgatar.csv não encontrado em Downloads
[2026-06-03 11:37:43] Início da atualização Tesouro Direto
[2026-06-03 11:37:43] ERRO: Arquivo rendimento-resgatar.csv não encontrado em Downloads
[2026-06-03 17:18:35] Início da atualização Tesouro Direto
[2026-06-03 17:18:35] ERRO: Arquivo rendimento-resgatar.csv não encontrado em Downloads
[2026-06-03 17:18:54] Início da atualização Tesouro Direto
[2026-06-03 17:18:54] ERRO: Arquivo rendimento-resgatar.csv não encontrado em Downloads
[2026-06-03 20:37:48] Início da atualização Tesouro Direto
[2026-06-03 20:37:48] ERRO: Arquivo rendimento-resgatar.csv não encontrado em Downloads
[2026-06-03 20:37:48] Início da atualização Tesouro Direto
[2026-06-03 20:37:48] ERRO: Arquivo rendimento-resgatar.csv não encontrado em Downloads
[2026-06-03 20:49:07] Início da atualização Tesouro Direto
[2026-06-03 20:49:07] ERRO: Arquivo rendimento-resgatar.csv não encontrado em Downloads
[2026-06-03 20:49:08] Início da atualização Tesouro Direto
[2026-06-03 20:49:08] ERRO: Arquivo rendimento-resgatar.csv não encontrado em Downloads
[2026-06-03 20:54:37] Início da atualização Tesouro Direto
[2026-06-03 20:54:37] ERRO: Arquivo rendimento-resgatar.csv não encontrado em Downloads
[2026-06-03 20:54:37] Início da atualização Tesouro Direto
[2026-06-03 20:54:37] ERRO: Arquivo rendimento-resgatar.csv não encontrado em Downloads
[2026-06-03 20:59:38] Início da atualização Tesouro Direto
[2026-06-03 20:59:38] ERRO: Arquivo rendimento-resgatar.csv não encontrado em Downloads
[2026-06-03 20:59:39] Início da atualização Tesouro Direto
[2026-06-03 20:59:39] ERRO: Arquivo rendimento-resgatar.csv não encontrado em Downloads
[2026-06-03 21:05:35] Início da atualização Tesouro Direto
[2026-06-03 21:05:35] ERRO: Arquivo rendimento-resgatar.csv não encontrado em Downloads
[2026-06-03 21:20:23] Início da atualização Tesouro Direto
[2026-06-03 21:20:23] ERRO: Arquivo rendimento-resgatar.csv não encontrado em Downloads
[2026-06-03 21:40:43] Início da atualização Tesouro Direto
[2026-06-03 21:40:43] ERRO: Arquivo rendimento-resgatar.csv não encontrado em Downloads
[2026-06-03 21:40:43] Início da atualização Tesouro Direto
[2026-06-03 21:40:43] ERRO: Arquivo rendimento-resgatar.csv não encontrado em Downloads
[2026-06-07 20:09:51] Início da atualização Tesouro Direto
[2026-06-07 20:09:51] ERRO: Arquivo rendimento-resgatar.csv não encontrado em Downloads
[2026-06-07 20:13:27] Início da atualização Tesouro Direto
[2026-06-07 20:13:27] ERRO: Arquivo rendimento-resgatar.csv não encontrado em Downloads
[2026-06-07 20:14:05] Início da atualização Tesouro Direto
[2026-06-07 20:14:05] ERRO: Arquivo rendimento-resgatar.csv não encontrado em Downloads
[2026-06-07 20:14:32] Início da atualização Tesouro Direto
[2026-06-07 20:14:32] ERRO: Arquivo rendimento-resgatar.csv não encontrado em Downloads
[2026-06-07 20:14:54] Início da atualização Tesouro Direto
[2026-06-07 20:14:54] ERRO: Arquivo rendimento-resgatar.csv não encontrado em Downloads
[2026-06-07 20:15:00] Início da atualização Tesouro Direto
[2026-06-07 20:15:00] ERRO: Arquivo rendimento-resgatar.csv não encontrado em Downloads
[2026-06-07 20:20:43] Início da atualização Tesouro Direto
[2026-06-07 20:20:43] ERRO: Arquivo rendimento-resgatar.csv não encontrado em Downloads
[2026-06-07 20:21:40] Início da atualização Tesouro Direto
[2026-06-07 20:21:40] ERRO: Arquivo rendimento-resgatar.csv não encontrado em Downloads
[2026-06-07 20:22:15] Início da atualização Tesouro Direto
[2026-06-07 20:22:15] ERRO: Arquivo rendimento-resgatar.csv não encontrado em Downloads
[2026-06-07 20:25:59] Início da atualização Tesouro Direto
[2026-06-07 20:25:59] ERRO: Arquivo rendimento-resgatar.csv não encontrado em Downloads
[2026-06-07 20:26:44] Início da atualização Tesouro Direto
[2026-06-07 20:26:44] ERRO: Arquivo rendimento-resgatar.csv não encontrado em Downloads
[2026-06-08 09:09:21] Início da atualização Tesouro Direto
[2026-06-08 09:09:21] ERRO: Arquivo rendimento-resgatar.csv não encontrado em Downloads
[2026-06-08 09:37:18] Início da atualização Tesouro Direto
[2026-06-08 09:37:18] ERRO: Arquivo rendimento-resgatar.csv não encontrado em Downloads
[2026-06-08 09:37:18] Início da atualização Tesouro Direto
[2026-06-08 09:37:18] ERRO: Arquivo rendimento-resgatar.csv não encontrado em Downloads
[2026-06-08 10:04:14] Início da atualização Tesouro Direto
[2026-06-08 10:04:14] ERRO: Arquivo rendimento-resgatar.csv não encontrado em Downloads
[2026-06-08 10:43:28] Início da atualização Tesouro Direto
[2026-06-08 10:43:28] ERRO: Arquivo rendimento-resgatar.csv não encontrado em Downloads
[2026-06-08 15:19:45] Início da atualização Tesouro Direto
[2026-06-08 15:19:45] ERRO: Arquivo rendimento-resgatar.csv não encontrado em Downloads
[2026-06-08 15:20:17] Início da atualização Tesouro Direto
[2026-06-08 15:20:17] ERRO: Arquivo rendimento-resgatar.csv não encontrado em Downloads
[2026-06-08 16:56:36] Início da atualização Tesouro Direto
[2026-06-08 16:56:36] Arquivo copiado com sucesso para o repositório
[2026-06-08 16:56:36] Arquivo removido do Downloads com sucesso
[master 71a3467] Atualização Tesouro Direto (resgate) - 2026-06-08 16:56:36
 2 files changed, 187 insertions(+), 61 deletions(-)
To https://github.com/tmcnet/tesouro-direto-dados.git
   1738152..71a3467  master -> master
[2026-06-08 16:56:36] Git push executado com sucesso
[2026-06-08 16:56:36] Fim da execução
----------------------------------------
[2026-06-09 11:18:20] Início da atualização Tesouro Direto
[2026-06-09 11:18:20] ERRO: Arquivo rendimento-resgatar.csv não encontrado em Downloads
[2026-06-10 08:53:13] Início da atualização Tesouro Direto
[2026-06-10 08:53:13] ERRO: Arquivo rendimento-resgatar.csv não encontrado em Downloads
[2026-06-10 09:53:10] Início da atualização Tesouro Direto
[2026-06-10 09:53:10] ERRO: Arquivo rendimento-resgatar.csv não encontrado em Downloads
[2026-06-10 09:54:19] Início da atualização Tesouro Direto
[2026-06-10 09:54:19] ERRO: Arquivo rendimento-resgatar.csv não encontrado em Downloads
[2026-06-10 09:54:59] Início da atualização Tesouro Direto
[2026-06-10 09:54:59] ERRO: Arquivo rendimento-resgatar.csv não encontrado em Downloads
[2026-06-10 09:59:14] Início da atualização Tesouro Direto
[2026-06-10 09:59:14] ERRO: Arquivo rendimento-resgatar.csv não encontrado em Downloads
[2026-06-10 10:03:35] Início da atualização Tesouro Direto
[2026-06-10 10:03:35] ERRO: Arquivo rendimento-resgatar.csv não encontrado em Downloads
[2026-06-10 10:04:55] Início da atualização Tesouro Direto
[2026-06-10 10:04:55] ERRO: Arquivo rendimento-resgatar.csv não encontrado em Downloads
[2026-06-10 10:08:09] Início da atualização Tesouro Direto
[2026-06-10 10:08:09] ERRO: Arquivo rendimento-resgatar.csv não encontrado em Downloads
[2026-06-11 08:38:46] Início da atualização Tesouro Direto
[2026-06-11 08:38:46] ERRO: Arquivo rendimento-resgatar.csv não encontrado em Downloads
[2026-06-11 09:27:17] Início da atualização Tesouro Direto
[2026-06-11 09:27:17] ERRO: Arquivo rendimento-resgatar.csv não encontrado em Downloads
[2026-06-11 09:40:40] Início da atualização Tesouro Direto
[2026-06-11 09:40:40] ERRO: Arquivo rendimento-resgatar.csv não encontrado em Downloads
[2026-06-11 09:50:17] Início da atualização Tesouro Direto
[2026-06-11 09:50:17] ERRO: Arquivo rendimento-resgatar.csv não encontrado em Downloads
[2026-06-11 09:51:32] Início da atualização Tesouro Direto
[2026-06-11 09:51:32] ERRO: Arquivo rendimento-resgatar.csv não encontrado em Downloads
[2026-06-11 19:32:38] Início da atualização Tesouro Direto
[2026-06-11 19:32:38] ERRO: Arquivo rendimento-resgatar.csv não encontrado em Downloads
[2026-06-11 21:27:41] Início da atualização Tesouro Direto
[2026-06-11 21:27:41] Arquivo copiado com sucesso para o repositório
[2026-06-11 21:27:41] Arquivo removido do Downloads com sucesso
[master 4e65bb2] Atualização Tesouro Direto (resgate) - 2026-06-11 21:27:41
 2 files changed, 100 insertions(+), 61 deletions(-)
To https://github.com/tmcnet/tesouro-direto-dados.git
   71a3467..4e65bb2  master -> master
[2026-06-11 21:27:41] Git push executado com sucesso
[2026-06-11 21:27:41] Fim da execução
----------------------------------------
[2026-06-11 21:32:16] Início da atualização Tesouro Direto
[2026-06-11 21:32:16] ERRO: Arquivo rendimento-resgatar.csv não encontrado em Downloads
[2026-06-11 21:40:07] Início da atualização Tesouro Direto
[2026-06-11 21:40:07] ERRO: Arquivo rendimento-resgatar.csv não encontrado em Downloads
[2026-06-12 09:48:22] Início da atualização Tesouro Direto
[2026-06-12 09:48:22] ERRO: Arquivo rendimento-resgatar.csv não encontrado em Downloads
[2026-06-12 09:55:55] Início da atualização Tesouro Direto
[2026-06-12 09:55:55] ERRO: Arquivo rendimento-resgatar.csv não encontrado em Downloads
[2026-06-12 09:56:57] Início da atualização Tesouro Direto
[2026-06-12 09:56:57] ERRO: Arquivo rendimento-resgatar.csv não encontrado em Downloads
[2026-06-12 09:58:32] Início da atualização Tesouro Direto
[2026-06-12 09:58:32] ERRO: Arquivo rendimento-resgatar.csv não encontrado em Downloads
[2026-06-12 10:29:39] Início da atualização Tesouro Direto
[2026-06-12 10:29:39] ERRO: Arquivo rendimento-resgatar.csv não encontrado em Downloads
[2026-06-12 10:43:59] Início da atualização Tesouro Direto
[2026-06-12 10:43:59] ERRO: Arquivo rendimento-resgatar.csv não encontrado em Downloads
[2026-06-12 10:44:43] Início da atualização Tesouro Direto
[2026-06-12 10:44:43] ERRO: Arquivo rendimento-resgatar.csv não encontrado em Downloads
[2026-06-12 10:45:18] Início da atualização Tesouro Direto
[2026-06-12 10:45:18] ERRO: Arquivo rendimento-resgatar.csv não encontrado em Downloads
[2026-06-12 10:46:26] Início da atualização Tesouro Direto
[2026-06-12 10:46:26] ERRO: Arquivo rendimento-resgatar.csv não encontrado em Downloads
[2026-06-12 11:13:01] Início da atualização Tesouro Direto
[2026-06-12 11:13:01] ERRO: Arquivo rendimento-resgatar.csv não encontrado em Downloads
[2026-06-12 11:15:04] Início da atualização Tesouro Direto
[2026-06-12 11:15:04] ERRO: Arquivo rendimento-resgatar.csv não encontrado em Downloads
[2026-06-12 11:15:41] Início da atualização Tesouro Direto
[2026-06-12 11:15:41] ERRO: Arquivo rendimento-resgatar.csv não encontrado em Downloads
[2026-06-12 12:03:52] Início da atualização Tesouro Direto
[2026-06-12 12:03:52] ERRO: Arquivo rendimento-resgatar.csv não encontrado em Downloads
[2026-06-12 12:05:32] Início da atualização Tesouro Direto
[2026-06-12 12:05:32] ERRO: Arquivo rendimento-resgatar.csv não encontrado em Downloads
[2026-06-12 12:06:48] Início da atualização Tesouro Direto
[2026-06-12 12:06:48] ERRO: Arquivo rendimento-resgatar.csv não encontrado em Downloads
[2026-06-12 12:10:38] Início da atualização Tesouro Direto
[2026-06-12 12:10:38] ERRO: Arquivo rendimento-resgatar.csv não encontrado em Downloads
[2026-06-12 14:30:02] Início da atualização Tesouro Direto
[2026-06-12 14:30:02] Arquivo copiado com sucesso para o repositório
[2026-06-12 14:30:02] Arquivo removido do Downloads com sucesso
[master 5a66aa0] Atualização Tesouro Direto (resgate) - 2026-06-12 14:30:02
 2 files changed, 51 insertions(+), 60 deletions(-)
To https://github.com/tmcnet/tesouro-direto-dados.git
   4e65bb2..5a66aa0  master -> master
[2026-06-12 14:30:02] Git push executado com sucesso
[2026-06-12 14:30:02] Fim da execução
----------------------------------------
[2026-06-12 15:38:23] Início da atualização Tesouro Direto
[2026-06-12 15:38:23] Arquivo copiado com sucesso para o repositório
[2026-06-12 15:38:23] Arquivo removido do Downloads com sucesso
[master 4fce0cf] Atualização Tesouro Direto (resgate) - 2026-06-12 15:38:23
 2 files changed, 65 insertions(+)
To https://github.com/tmcnet/tesouro-direto-dados.git
   5a66aa0..4fce0cf  master -> master
[2026-06-12 15:38:23] Git push executado com sucesso
[2026-06-12 15:38:23] Fim da execução
----------------------------------------
[2026-06-12 15:55:47] Início da atualização Tesouro Direto
[2026-06-12 15:55:47] ERRO: Arquivo rendimento-resgatar.csv não encontrado em Downloads
[2026-06-13 08:50:21] Início da atualização Tesouro Direto
[2026-06-13 08:50:21] ERRO: Arquivo rendimento-resgatar.csv não encontrado em Downloads
[2026-06-14 11:16:05] Início da atualização Tesouro Direto
[2026-06-14 11:16:05] ERRO: Arquivo rendimento-resgatar.csv não encontrado em Downloads
[2026-06-14 11:18:04] Início da atualização Tesouro Direto
[2026-06-14 11:18:04] ERRO: Arquivo rendimento-resgatar.csv não encontrado em Downloads
[2026-06-14 11:18:06] Início da atualização Tesouro Direto
[2026-06-14 11:18:06] ERRO: Arquivo rendimento-resgatar.csv não encontrado em Downloads
[2026-06-14 11:18:06] Início da atualização Tesouro Direto
[2026-06-14 11:18:06] ERRO: Arquivo rendimento-resgatar.csv não encontrado em Downloads
[2026-06-14 11:18:07] Início da atualização Tesouro Direto
[2026-06-14 11:18:07] ERRO: Arquivo rendimento-resgatar.csv não encontrado em Downloads
[2026-06-14 11:20:02] Início da atualização Tesouro Direto
[2026-06-14 11:20:02] ERRO: Arquivo rendimento-resgatar.csv não encontrado em Downloads
[2026-06-14 11:20:12] Início da atualização Tesouro Direto
[2026-06-14 11:20:12] ERRO: Arquivo rendimento-resgatar.csv não encontrado em Downloads
[2026-06-15 09:13:50] Início da atualização Tesouro Direto
[2026-06-15 09:13:50] ERRO: Arquivo rendimento-resgatar.csv não encontrado em Downloads
[2026-06-15 09:14:05] Início da atualização Tesouro Direto
[2026-06-15 09:14:05] ERRO: Arquivo rendimento-resgatar.csv não encontrado em Downloads
[2026-06-15 15:28:53] Início da atualização Tesouro Direto
[2026-06-15 15:28:53] ERRO: Arquivo rendimento-resgatar.csv não encontrado em Downloads
[2026-06-15 19:28:58] Início da atualização Tesouro Direto
[2026-06-15 19:28:58] Arquivo copiado com sucesso para o repositório
[2026-06-15 19:28:58] Arquivo removido do Downloads com sucesso
[master 801540c] Atualização Tesouro Direto (resgate) - 2026-06-15 19:28:58
 2 files changed, 95 insertions(+), 60 deletions(-)
To https://github.com/tmcnet/tesouro-direto-dados.git
   4fce0cf..801540c  master -> master
[2026-06-15 19:28:58] Git push executado com sucesso
[2026-06-15 19:28:58] Fim da execução
----------------------------------------
[2026-06-16 13:46:41] Início da atualização Tesouro Direto
[2026-06-16 13:46:41] ERRO: Arquivo rendimento-resgatar.csv não encontrado em Downloads
[2026-06-16 13:46:43] Início da atualização Tesouro Direto
[2026-06-16 13:46:43] ERRO: Arquivo rendimento-resgatar.csv não encontrado em Downloads
[2026-06-17 09:29:56] Início da atualização Tesouro Direto
[2026-06-17 09:29:56] ERRO: Arquivo rendimento-resgatar.csv não encontrado em Downloads
[2026-06-18 08:38:16] Início da atualização Tesouro Direto
[2026-06-18 08:38:16] Arquivo copiado com sucesso para o repositório
[2026-06-18 08:38:16] Arquivo removido do Downloads com sucesso
[master 1c90d9a] Atualização Tesouro Direto (resgate) - 2026-06-18 08:38:16
 2 files changed, 77 insertions(+), 61 deletions(-)
To https://github.com/tmcnet/tesouro-direto-dados.git
   801540c..1c90d9a  master -> master
[2026-06-18 08:38:16] Git push executado com sucesso
[2026-06-18 08:38:16] Fim da execução
----------------------------------------
[2026-06-18 11:57:58] Início da atualização Tesouro Direto
[2026-06-18 11:57:58] ERRO: Arquivo rendimento-resgatar.csv não encontrado em Downloads
[2026-06-18 11:58:27] Início da atualização Tesouro Direto
[2026-06-18 11:58:27] ERRO: Arquivo rendimento-resgatar.csv não encontrado em Downloads
[2026-06-18 11:59:02] Início da atualização Tesouro Direto
[2026-06-18 11:59:02] ERRO: Arquivo rendimento-resgatar.csv não encontrado em Downloads
[2026-06-18 11:59:32] Início da atualização Tesouro Direto
[2026-06-18 11:59:32] ERRO: Arquivo rendimento-resgatar.csv não encontrado em Downloads
[2026-06-18 11:59:57] Início da atualização Tesouro Direto
[2026-06-18 11:59:57] ERRO: Arquivo rendimento-resgatar.csv não encontrado em Downloads
[2026-06-18 12:00:20] Início da atualização Tesouro Direto
[2026-06-18 12:00:20] ERRO: Arquivo rendimento-resgatar.csv não encontrado em Downloads
[2026-06-18 12:00:45] Início da atualização Tesouro Direto
[2026-06-18 12:00:45] ERRO: Arquivo rendimento-resgatar.csv não encontrado em Downloads
[2026-06-18 12:01:19] Início da atualização Tesouro Direto
[2026-06-18 12:01:19] ERRO: Arquivo rendimento-resgatar.csv não encontrado em Downloads
[2026-06-18 12:01:38] Início da atualização Tesouro Direto
[2026-06-18 12:01:38] ERRO: Arquivo rendimento-resgatar.csv não encontrado em Downloads
[2026-06-18 12:01:59] Início da atualização Tesouro Direto
[2026-06-18 12:01:59] ERRO: Arquivo rendimento-resgatar.csv não encontrado em Downloads
[2026-06-18 12:31:37] Início da atualização Tesouro Direto
[2026-06-18 12:31:37] ERRO: Arquivo rendimento-resgatar.csv não encontrado em Downloads
[2026-06-18 14:04:23] Início da atualização Tesouro Direto
[2026-06-18 14:04:23] ERRO: Arquivo rendimento-resgatar.csv não encontrado em Downloads
[2026-06-18 14:05:11] Início da atualização Tesouro Direto
[2026-06-18 14:05:11] ERRO: Arquivo rendimento-resgatar.csv não encontrado em Downloads
[2026-06-18 14:05:33] Início da atualização Tesouro Direto
[2026-06-18 14:05:33] ERRO: Arquivo rendimento-resgatar.csv não encontrado em Downloads
[2026-06-18 14:05:56] Início da atualização Tesouro Direto
[2026-06-18 14:05:56] ERRO: Arquivo rendimento-resgatar.csv não encontrado em Downloads
[2026-06-18 14:16:47] Início da atualização Tesouro Direto
[2026-06-18 14:16:47] ERRO: Arquivo rendimento-resgatar.csv não encontrado em Downloads
[2026-06-18 14:22:25] Início da atualização Tesouro Direto
[2026-06-18 14:22:25] ERRO: Arquivo rendimento-resgatar.csv não encontrado em Downloads
[2026-06-18 14:58:30] Início da atualização Tesouro Direto
[2026-06-18 14:58:30] ERRO: Arquivo rendimento-resgatar.csv não encontrado em Downloads
[2026-06-18 14:58:32] Início da atualização Tesouro Direto
[2026-06-18 14:58:32] ERRO: Arquivo rendimento-resgatar.csv não encontrado em Downloads
[2026-06-18 16:59:10] Início da atualização Tesouro Direto
[2026-06-18 16:59:10] ERRO: Arquivo rendimento-resgatar.csv não encontrado em Downloads
[2026-06-19 09:17:48] Início da atualização Tesouro Direto
[2026-06-19 09:17:48] ERRO: Arquivo rendimento-resgatar.csv não encontrado em Downloads
[2026-06-19 09:18:34] Início da atualização Tesouro Direto
[2026-06-19 09:18:34] ERRO: Arquivo rendimento-resgatar.csv não encontrado em Downloads
[2026-06-19 09:20:19] Início da atualização Tesouro Direto
[2026-06-19 09:20:19] ERRO: Arquivo rendimento-resgatar.csv não encontrado em Downloads
[2026-06-19 09:20:37] Início da atualização Tesouro Direto
[2026-06-19 09:20:37] ERRO: Arquivo rendimento-resgatar.csv não encontrado em Downloads
[2026-06-19 09:20:51] Início da atualização Tesouro Direto
[2026-06-19 09:20:51] ERRO: Arquivo rendimento-resgatar.csv não encontrado em Downloads
[2026-06-19 09:21:05] Início da atualização Tesouro Direto
[2026-06-19 09:21:05] ERRO: Arquivo rendimento-resgatar.csv não encontrado em Downloads
[2026-06-19 09:26:42] Início da atualização Tesouro Direto
[2026-06-19 09:26:42] ERRO: Arquivo rendimento-resgatar.csv não encontrado em Downloads
[2026-06-19 09:26:44] Início da atualização Tesouro Direto
[2026-06-19 09:26:44] ERRO: Arquivo rendimento-resgatar.csv não encontrado em Downloads
[2026-06-19 09:27:09] Início da atualização Tesouro Direto
[2026-06-19 09:27:09] ERRO: Arquivo rendimento-resgatar.csv não encontrado em Downloads
[2026-06-19 09:27:11] Início da atualização Tesouro Direto
[2026-06-19 09:27:11] ERRO: Arquivo rendimento-resgatar.csv não encontrado em Downloads
[2026-06-19 09:27:46] Início da atualização Tesouro Direto
[2026-06-19 09:27:46] ERRO: Arquivo rendimento-resgatar.csv não encontrado em Downloads
[2026-06-19 09:27:48] Início da atualização Tesouro Direto
[2026-06-19 09:27:48] ERRO: Arquivo rendimento-resgatar.csv não encontrado em Downloads
[2026-06-19 09:28:07] Início da atualização Tesouro Direto
[2026-06-19 09:28:07] ERRO: Arquivo rendimento-resgatar.csv não encontrado em Downloads
[2026-06-19 09:28:12] Início da atualização Tesouro Direto
[2026-06-19 09:28:12] ERRO: Arquivo rendimento-resgatar.csv não encontrado em Downloads
[2026-06-19 15:33:05] Início da atualização Tesouro Direto
[2026-06-19 15:33:05] ERRO: Arquivo rendimento-resgatar.csv não encontrado em Downloads
[2026-06-19 15:50:23] Início da atualização Tesouro Direto
[2026-06-19 15:50:23] Arquivo copiado com sucesso para o repositório
[2026-06-19 15:50:23] Arquivo removido do Downloads com sucesso
[master 1921d24] Atualização Tesouro Direto (resgate) - 2026-06-19 15:50:23
 2 files changed, 141 insertions(+), 61 deletions(-)
To https://github.com/tmcnet/tesouro-direto-dados.git
   1c90d9a..1921d24  master -> master
[2026-06-19 15:50:23] Git push executado com sucesso
[2026-06-19 15:50:23] Fim da execução
----------------------------------------
[2026-06-23 09:11:51] Início da atualização Tesouro Direto
[2026-06-23 09:11:51] Arquivo copiado com sucesso para o repositório
[2026-06-23 09:11:51] Arquivo removido do Downloads com sucesso
[master 6fc1e4e] Atualização Tesouro Direto (resgate) - 2026-06-23 09:11:51
 2 files changed, 71 insertions(+), 61 deletions(-)
To https://github.com/tmcnet/tesouro-direto-dados.git
   1921d24..6fc1e4e  master -> master
[2026-06-23 09:11:51] Git push executado com sucesso
[2026-06-23 09:11:51] Fim da execução
----------------------------------------
[2026-06-24 08:25:35] Início da atualização Tesouro Direto
[2026-06-24 08:25:35] ERRO: Arquivo rendimento-resgatar.csv não encontrado em Downloads
[2026-06-24 08:33:36] Início da atualização Tesouro Direto
[2026-06-24 08:33:36] ERRO: Arquivo rendimento-resgatar.csv não encontrado em Downloads
[2026-06-24 08:36:48] Início da atualização Tesouro Direto
[2026-06-24 08:36:48] ERRO: Arquivo rendimento-resgatar.csv não encontrado em Downloads
[2026-06-25 09:54:54] Início da atualização Tesouro Direto
[2026-06-25 09:54:54] ERRO: Arquivo rendimento-resgatar.csv não encontrado em Downloads
[2026-06-25 09:56:24] Início da atualização Tesouro Direto
[2026-06-25 09:56:24] ERRO: Arquivo rendimento-resgatar.csv não encontrado em Downloads
[2026-06-25 09:57:53] Início da atualização Tesouro Direto
[2026-06-25 09:57:53] ERRO: Arquivo rendimento-resgatar.csv não encontrado em Downloads
[2026-06-25 10:07:24] Início da atualização Tesouro Direto
[2026-06-25 10:07:24] ERRO: Arquivo rendimento-resgatar.csv não encontrado em Downloads
[2026-06-26 08:57:52] Início da atualização Tesouro Direto
[2026-06-26 08:57:52] ERRO: Arquivo rendimento-resgatar.csv não encontrado em Downloads
[2026-06-27 09:27:17] Início da atualização Tesouro Direto
[2026-06-27 09:27:17] ERRO: Arquivo rendimento-resgatar.csv não encontrado em Downloads
[2026-06-27 15:53:39] Início da atualização Tesouro Direto
[2026-06-27 15:53:39] Arquivo copiado com sucesso para o repositório
[2026-06-27 15:53:39] Arquivo removido do Downloads com sucesso
[master e19c86d] Atualização Tesouro Direto (resgate) - 2026-06-27 15:53:39
 2 files changed, 89 insertions(+), 61 deletions(-)
To https://github.com/tmcnet/tesouro-direto-dados.git
   6fc1e4e..e19c86d  master -> master
[2026-06-27 15:53:39] Git push executado com sucesso
[2026-06-27 15:53:39] Fim da execução
----------------------------------------
[2026-06-28 19:37:42] Início da atualização Tesouro Direto
[2026-06-28 19:37:42] ERRO: Arquivo rendimento-resgatar.csv não encontrado em Downloads
[2026-06-28 19:45:52] Início da atualização Tesouro Direto
[2026-06-28 19:45:52] ERRO: Arquivo rendimento-resgatar.csv não encontrado em Downloads
[2026-06-29 08:40:41] Início da atualização Tesouro Direto
[2026-06-29 08:40:41] ERRO: Arquivo rendimento-resgatar.csv não encontrado em Downloads
[2026-06-29 11:20:03] Início da atualização Tesouro Direto
[2026-06-29 11:20:03] Arquivo copiado com sucesso para o repositório
[2026-06-29 11:20:03] Arquivo removido do Downloads com sucesso
[master af6db8b] Atualização Tesouro Direto (resgate) - 2026-06-29 11:20:03
 2 files changed, 67 insertions(+), 58 deletions(-)
To https://github.com/tmcnet/tesouro-direto-dados.git
   e19c86d..af6db8b  master -> master
[2026-06-29 11:20:03] Git push executado com sucesso
[2026-06-29 11:20:03] Fim da execução
----------------------------------------
[2026-06-29 14:54:17] Início da atualização Tesouro Direto
[2026-06-29 14:54:17] ERRO: Arquivo rendimento-resgatar.csv não encontrado em Downloads
[2026-06-29 14:54:21] Início da atualização Tesouro Direto
[2026-06-29 14:54:21] ERRO: Arquivo rendimento-resgatar.csv não encontrado em Downloads
[2026-06-29 16:44:05] Início da atualização Tesouro Direto
[2026-06-29 16:44:05] ERRO: Arquivo rendimento-resgatar.csv não encontrado em Downloads
[2026-06-29 16:45:35] Início da atualização Tesouro Direto
[2026-06-29 16:45:35] ERRO: Arquivo rendimento-resgatar.csv não encontrado em Downloads
[2026-06-30 20:18:34] Início da atualização Tesouro Direto
[2026-06-30 20:18:34] ERRO: Arquivo rendimento-resgatar.csv não encontrado em Downloads
[2026-07-01 09:52:42] Início da atualização Tesouro Direto
[2026-07-01 09:52:42] ERRO: Arquivo rendimento-resgatar.csv não encontrado em Downloads
[2026-07-01 09:52:48] Início da atualização Tesouro Direto
[2026-07-01 09:52:48] ERRO: Arquivo rendimento-resgatar.csv não encontrado em Downloads
[2026-07-01 10:30:45] Início da atualização Tesouro Direto
[2026-07-01 10:30:45] ERRO: Arquivo rendimento-resgatar.csv não encontrado em Downloads
[2026-07-01 15:50:32] Início da atualização Tesouro Direto
[2026-07-01 15:50:32] ERRO: Arquivo rendimento-resgatar.csv não encontrado em Downloads
[2026-07-01 16:13:44] Início da atualização Tesouro Direto
[2026-07-01 16:13:44] ERRO: Arquivo rendimento-resgatar.csv não encontrado em Downloads
[2026-07-01 16:29:29] Início da atualização Tesouro Direto
[2026-07-01 16:29:29] ERRO: Arquivo rendimento-resgatar.csv não encontrado em Downloads
[2026-07-01 16:29:36] Início da atualização Tesouro Direto
[2026-07-01 16:29:36] ERRO: Arquivo rendimento-resgatar.csv não encontrado em Downloads
[2026-07-01 16:31:06] Início da atualização Tesouro Direto
[2026-07-01 16:31:06] ERRO: Arquivo rendimento-resgatar.csv não encontrado em Downloads
[2026-07-01 18:16:06] Início da atualização Tesouro Direto
[2026-07-01 18:16:06] ERRO: Arquivo rendimento-resgatar.csv não encontrado em Downloads
[2026-07-01 18:25:15] Início da atualização Tesouro Direto
[2026-07-01 18:25:15] ERRO: Arquivo rendimento-resgatar.csv não encontrado em Downloads
[2026-07-01 18:28:33] Início da atualização Tesouro Direto
[2026-07-01 18:28:33] ERRO: Arquivo rendimento-resgatar.csv não encontrado em Downloads
[2026-07-01 18:29:35] Início da atualização Tesouro Direto
[2026-07-01 18:29:35] ERRO: Arquivo rendimento-resgatar.csv não encontrado em Downloads
[2026-07-01 18:32:49] Início da atualização Tesouro Direto
[2026-07-01 18:32:49] ERRO: Arquivo rendimento-resgatar.csv não encontrado em Downloads
[2026-07-01 18:33:27] Início da atualização Tesouro Direto
[2026-07-01 18:33:27] ERRO: Arquivo rendimento-resgatar.csv não encontrado em Downloads
[2026-07-01 18:35:21] Início da atualização Tesouro Direto
[2026-07-01 18:35:21] ERRO: Arquivo rendimento-resgatar.csv não encontrado em Downloads
[2026-07-01 18:36:11] Início da atualização Tesouro Direto
[2026-07-01 18:36:11] ERRO: Arquivo rendimento-resgatar.csv não encontrado em Downloads
[2026-07-01 18:36:30] Início da atualização Tesouro Direto
[2026-07-01 18:36:30] ERRO: Arquivo rendimento-resgatar.csv não encontrado em Downloads
[2026-07-02 13:59:21] Início da atualização Tesouro Direto
[2026-07-02 13:59:21] Arquivo copiado com sucesso para o repositório
[2026-07-02 13:59:21] Arquivo removido do Downloads com sucesso
[master fb9a44a] Atualização Tesouro Direto (resgate) - 2026-07-02 13:59:21
 2 files changed, 115 insertions(+), 54 deletions(-)
To https://github.com/tmcnet/tesouro-direto-dados.git
   af6db8b..fb9a44a  master -> master
[2026-07-02 13:59:21] Git push executado com sucesso
[2026-07-02 13:59:21] Fim da execução
----------------------------------------
[2026-07-04 13:21:09] Início da atualização Tesouro Direto
[2026-07-04 13:21:09] ERRO: Arquivo rendimento-resgatar.csv não encontrado em Downloads
[2026-07-06 09:00:49] Início da atualização Tesouro Direto
[2026-07-06 09:00:49] ERRO: Arquivo rendimento-resgatar.csv não encontrado em Downloads
[2026-07-06 09:05:38] Início da atualização Tesouro Direto
[2026-07-06 09:05:38] ERRO: Arquivo rendimento-resgatar.csv não encontrado em Downloads
[2026-07-06 09:27:12] Início da atualização Tesouro Direto
[2026-07-06 09:27:12] ERRO: Arquivo rendimento-resgatar.csv não encontrado em Downloads
[2026-07-06 10:00:04] Início da atualização Tesouro Direto
[2026-07-06 10:00:04] ERRO: Arquivo rendimento-resgatar.csv não encontrado em Downloads
[2026-07-06 10:05:09] Início da atualização Tesouro Direto
[2026-07-06 10:05:09] ERRO: Arquivo rendimento-resgatar.csv não encontrado em Downloads
[2026-07-06 10:10:25] Início da atualização Tesouro Direto
[2026-07-06 10:10:25] ERRO: Arquivo rendimento-resgatar.csv não encontrado em Downloads
[2026-07-06 10:20:13] Início da atualização Tesouro Direto
[2026-07-06 10:20:13] ERRO: Arquivo rendimento-resgatar.csv não encontrado em Downloads
[2026-07-06 10:24:19] Início da atualização Tesouro Direto
[2026-07-06 10:24:19] ERRO: Arquivo rendimento-resgatar.csv não encontrado em Downloads
[2026-07-06 10:24:21] Início da atualização Tesouro Direto
[2026-07-06 10:24:21] ERRO: Arquivo rendimento-resgatar.csv não encontrado em Downloads
[2026-07-06 10:24:23] Início da atualização Tesouro Direto
[2026-07-06 10:24:23] ERRO: Arquivo rendimento-resgatar.csv não encontrado em Downloads
[2026-07-06 10:24:24] Início da atualização Tesouro Direto
[2026-07-06 10:24:24] ERRO: Arquivo rendimento-resgatar.csv não encontrado em Downloads
[2026-07-06 10:24:26] Início da atualização Tesouro Direto
[2026-07-06 10:24:26] ERRO: Arquivo rendimento-resgatar.csv não encontrado em Downloads
[2026-07-06 10:33:13] Início da atualização Tesouro Direto
[2026-07-06 10:33:13] Arquivo copiado com sucesso para o repositório
[2026-07-06 10:33:13] Arquivo removido do Downloads com sucesso
